{
  "target": "cobblemon:gardevoir",
  "features": ["twilight"],
  "implemented": true,
  "name": "Gardevoir",
  "nationalPokedexNumber": 282,
  "primaryType": "psychic",
  "secondaryType": "fairy",
  "abilities": [
    "synchronize",
    "trace",
    "h:telepathy"
  ],
  "drops": {
    "amount": 6,
    "entries": [
      {
        "item": "minecraft:ender_pearl",
        "quantityRange": "0-3"
      },
      {
        "item": "cobblemon:dawn_stone",
        "percentage": 10.0
      },
      {
        "item": "cobblemon:twisted_spoon",
        "percentage": 10.0
      },
      {
        "item": "cobblemon:kasib_berry",
        "percentage": 10.0
      }
    ]
  },
  "baseStats": {
    "hp": 68,
    "attack": 65,
    "defence": 65,
    "special_attack": 125,
    "special_defence": 115,
    "speed": 80
  },
  "catchRate": 45,
  "maleRatio": 0.5,
  "shoulderMountable": false,
  "forms": [
    {
      "name": "Mega",
      "primaryType": "psychic",
      "secondaryType": "fairy",
      "abilities": [
        "pixilate"
      ],
      "baseStats": {
        "hp": 68,
        "attack": 85,
        "defence": 65,
        "special_attack": 165,
        "special_defence": 135,
        "speed": 100
      },
      "catchRate": 45,
      "maleRatio": 0.5,
      "baseExperienceYield": 259,
      "baseFriendship": 35,
      "evYield": {
        "hp": 0,
        "attack": 0,
        "defence": 0,
        "special_attack": 3,
        "special_defence": 0,
        "speed": 0
      },
      "experienceGroup": "slow",
      "eggCycles": 20,
      "eggGroups": [
        "amorphous"
      ],
      "labels": [
        "gen6",
        "mega"
      ],
      "aspects": [
        "mega"
      ],
      "height": 16,
      "weight": 484,
      "evolutions": [],
      "cannotDynamax": false,
      "battleOnly": true
    },
    {
      "implemented": true,
      "name": "Twilight Gardevoir",
      "nationalPokedexNumber": 282,
      "primaryType": "ghost",
      "secondaryType": "fairy",
      "abilities": [
        "queenlymajesty",
        "h:competitive"
      ],
      "drops": {
        "amount": 6,
        "entries": [
          {
            "item": "minecraft:glowstone_dust",
            "quantityRange": "3-5"
          },
          {
            "item": "cobblemon:dawn_stone",
            "percentage": 10.0
          },
          {
            "item": "cobblemon:spell_tag",
            "percentage": 10.0
          },
          {
            "item": "minecraft:goat_horn",
            "percentage": 10.0
          }
        ]
      },
      "baseStats": {
        "hp": 68,
        "attack": 65,
        "defence": 65,
        "special_attack": 125,
        "special_defence": 115,
        "speed": 80
      },
      "catchRate": 45,
      "maleRatio": 0,
      "shoulderMountable": false,
      "baseExperienceYield": 259,
      "experienceGroup": "slow",
      "eggCycles": 20,
      "eggGroups": [
        "human_like",
        "amorphous"
      ],
      "moves": [
        "1:growl",
        "1:faketears",
        "1:mistyterrain",
        "1:flatter",
        "1:yawn",
        "1:mysticalfire",
        "1:doubleteam",
        "1:charm",
        "1:nightshade",
        "1:disarmingvoice",
        "1:confuseray",
        "9:hypnosis",
        "12:drainingkiss",
        "15:spite",
        "17:magicalleaf",
        "18:ominouswind",
        "23:grudge",
        "28:hex",
        "32:nastyplot",
        "35:willowisp",
        "42:shadowball",
        "44:nightmare",
        "49:moonblast",
        "56:dreameater",
        "63:perishsong",
        "tm:allyswitch",
        "tm:attract",
        "tm:aurasphere",
        "tm:bodyslam",
        "tm:calmmind",
        "tm:captivate",
        "tm:chargebeam",
        "tm:charm",
        "tm:confide",
        "tm:confuseray",
        "tm:dazzlinggleam",
        "tm:disarmingvoice",
        "tm:doubleteam",
        "tm:drainingkiss",
        "tm:dreameater",
        "tm:echoedvoice",
        "tm:encore",
        "tm:endure",
        "tm:energyball",
        "tm:facade",
        "tm:firepunch",
        "tm:flash",
        "tm:fling",
        "tm:focusblast",
        "tm:frustration",
        "tm:futuresight",
        "tm:gigaimpact",
        "tm:grassknot",
        "tm:guardswap",
        "tm:helpinghand",
        "tm:hiddenpower",
        "tm:hyperbeam",
        "tm:hypervoice",
        "tm:icepunch",
        "tm:icywind",
        "tm:imprison",
        "tm:lightscreen",
        "tm:magicalleaf",
        "tm:magicroom",
        "tm:megakick",
        "tm:megapunch",
        "tm:metronome",
        "tm:mistyterrain",
        "tm:mysticalfire",
        "tm:naturalgift",
        "tm:nightshade",
        "tm:powerswap",
        "tm:protect",
        "tm:psybeam",
        "tm:psychic",
        "tm:psychicterrain",
        "tm:psychup",
        "tm:psyshock",
        "tm:raindance",
        "tm:recycle",
        "tm:reflect",
        "tm:rest",
        "tm:return",
        "tm:round",
        "tm:safeguard",
        "tm:secretpower",
        "tm:shadowball",
        "tm:shockwave",
        "tm:skillswap",
        "tm:sleeptalk",
        "tm:snatch",
        "tm:snore",
        "tm:storedpower",
        "tm:substitute",
        "tm:sunnyday",
        "tm:swagger",
        "tm:swift",
        "tm:taunt",
        "tm:telekinesis",
        "tm:terablast",
        "tm:thief",
        "tm:thunderbolt",
        "tm:thunderpunch",
        "tm:thunderwave",
        "tm:torment",
        "tm:toxic",
        "tm:trick",
        "tm:trickroom",
        "tm:willowisp",
        "tm:wonderroom",
        "tm:zenheadbutt",
        "tutor:allyswitch",
        "tutor:bodyslam",
        "tutor:calmmind",
        "tutor:dazzlinggleam",
        "tutor:defensecurl",
        "tutor:doubleedge",
        "tutor:dreameater",
        "tutor:endure",
        "tutor:expandingforce",
        "tutor:firepunch",
        "tutor:focusblast",
        "tutor:headbutt",
        "tutor:healbell",
        "tutor:helpinghand",
        "tutor:hypervoice",
        "tutor:hypnosis",
        "tutor:icepunch",
        "tutor:icywind",
        "tutor:laserfocus",
        "tutor:magiccoat",
        "tutor:magicroom",
        "tutor:mimic",
        "tutor:mistyexplosion",
        "tutor:moonblast",
        "tutor:mudslap",
        "tutor:nightmare",
        "tutor:painsplit",
        "tutor:psychic",
        "tutor:psychup",
        "tutor:recycle",
        "tutor:shockwave",
        "tutor:signalbeam",
        "tutor:skillswap",
        "tutor:sleeptalk",
        "tutor:snatch",
        "tutor:snore",
        "tutor:storedpower",
        "tutor:substitute",
        "tutor:swagger",
        "tutor:swift",
        "tutor:telekinesis",
        "tutor:thunderbolt",
        "tutor:thunderpunch",
        "tutor:thunderwave",
        "tutor:trick",
        "tutor:tripleaxel",
        "tutor:wonderroom",
        "tutor:zenheadbutt"
      ],
      "labels": [
        "gen3"
      ],
      "pokedex": [
        "cobblemon.species.gardevoir.desc"
      ],
      "preEvolution": "kirlia form=twilight",
      "evolutions": [],
      "baseScale": 0.9,
      "hitbox": {
        "width": 0.6,
        "height": 2.2,
        "fixed": false
      },
      "baseFriendship": 35,
      "evYield": {
        "hp": 0,
        "attack": 0,
        "defence": 0,
        "special_attack": 3,
        "special_defence": 0,
        "speed": 0
      },
      "height": 16,
      "weight": 484,
      "aspects": ["twilight"],
      "cannotDynamax": false
    }
  ],
  "baseExperienceYield": 259,
  "experienceGroup": "slow",
  "eggCycles": 20,
  "eggGroups": [
    "human_like",
    "amorphous"
  ],
  "moves": [
    "1:charm",
    "1:confusion",
    "1:disarmingvoice",
    "1:doubleteam",
    "1:growl",
    "1:healingwish",
    "1:healpulse",
    "1:mistyterrain",
    "1:mysticalfire",
    "1:storedpower",
    "9:hypnosis",
    "12:drainingkiss",
    "15:teleport",
    "17:magicalleaf",
    "18:psybeam",
    "23:lifedew",
    "28:wish",
    "35:calmmind",
    "35:imprison",
    "42:psychic",
    "44:captivate",
    "49:moonblast",
    "56:dreameater",
    "63:futuresight",
    "tm:allyswitch",
    "tm:attract",
    "tm:aurasphere",
    "tm:bodyslam",
    "tm:calmmind",
    "tm:captivate",
    "tm:chargebeam",
    "tm:charm",
    "tm:confide",
    "tm:confuseray",
    "tm:dazzlinggleam",
    "tm:disarmingvoice",
    "tm:doubleteam",
    "tm:drainingkiss",
    "tm:dreameater",
    "tm:echoedvoice",
    "tm:encore",
    "tm:endure",
    "tm:energyball",
    "tm:facade",
    "tm:firepunch",
    "tm:flash",
    "tm:fling",
    "tm:focusblast",
    "tm:frustration",
    "tm:futuresight",
    "tm:gigaimpact",
    "tm:grassknot",
    "tm:guardswap",
    "tm:helpinghand",
    "tm:hiddenpower",
    "tm:hyperbeam",
    "tm:hypervoice",
    "tm:icepunch",
    "tm:icywind",
    "tm:imprison",
    "tm:lightscreen",
    "tm:magicalleaf",
    "tm:magicroom",
    "tm:megakick",
    "tm:megapunch",
    "tm:metronome",
    "tm:mistyterrain",
    "tm:mysticalfire",
    "tm:naturalgift",
    "tm:nightshade",
    "tm:powerswap",
    "tm:protect",
    "tm:psybeam",
    "tm:psychic",
    "tm:psychicterrain",
    "tm:psychup",
    "tm:psyshock",
    "tm:raindance",
    "tm:recycle",
    "tm:reflect",
    "tm:rest",
    "tm:return",
    "tm:round",
    "tm:safeguard",
    "tm:secretpower",
    "tm:shadowball",
    "tm:shockwave",
    "tm:skillswap",
    "tm:sleeptalk",
    "tm:snatch",
    "tm:snore",
    "tm:storedpower",
    "tm:substitute",
    "tm:sunnyday",
    "tm:swagger",
    "tm:swift",
    "tm:taunt",
    "tm:telekinesis",
    "tm:terablast",
    "tm:thief",
    "tm:thunderbolt",
    "tm:thunderpunch",
    "tm:thunderwave",
    "tm:torment",
    "tm:toxic",
    "tm:trick",
    "tm:trickroom",
    "tm:willowisp",
    "tm:wonderroom",
    "tm:zenheadbutt",
    "tutor:allyswitch",
    "tutor:bodyslam",
    "tutor:calmmind",
    "tutor:dazzlinggleam",
    "tutor:defensecurl",
    "tutor:doubleedge",
    "tutor:dreameater",
    "tutor:endure",
    "tutor:expandingforce",
    "tutor:firepunch",
    "tutor:focusblast",
    "tutor:headbutt",
    "tutor:healbell",
    "tutor:helpinghand",
    "tutor:hypervoice",
    "tutor:hypnosis",
    "tutor:icepunch",
    "tutor:icywind",
    "tutor:laserfocus",
    "tutor:magiccoat",
    "tutor:magicroom",
    "tutor:mimic",
    "tutor:mistyexplosion",
    "tutor:moonblast",
    "tutor:mudslap",
    "tutor:nightmare",
    "tutor:painsplit",
    "tutor:psychic",
    "tutor:psychup",
    "tutor:recycle",
    "tutor:shockwave",
    "tutor:signalbeam",
    "tutor:skillswap",
    "tutor:sleeptalk",
    "tutor:snatch",
    "tutor:snore",
    "tutor:storedpower",
    "tutor:substitute",
    "tutor:swagger",
    "tutor:swift",
    "tutor:telekinesis",
    "tutor:thunderbolt",
    "tutor:thunderpunch",
    "tutor:thunderwave",
    "tutor:trick",
    "tutor:tripleaxel",
    "tutor:wonderroom",
    "tutor:zenheadbutt"
  ],
  "labels": [
    "gen3"
  ],
  "pokedex": [
    "cobblemon.species.gardevoir.desc"
  ],
  "preEvolution": "kirlia",
  "evolutions": [],
  "baseScale": 0.9,
  "hitbox": {
    "width": 0.6,
    "height": 2.2,
    "fixed": false
  },
  "baseFriendship": 35,
  "evYield": {
    "hp": 0,
    "attack": 0,
    "defence": 0,
    "special_attack": 3,
    "special_defence": 0,
    "speed": 0
  },
  "height": 16,
  "weight": 484,
  "aspects": [],
  "cannotDynamax": false
}