{
  "target": "cobblemon:ralts",
  "features": ["twilight"],
  "implemented": true,
  "name": "Ralts",
  "nationalPokedexNumber": 280,
  "primaryType": "psychic",
  "secondaryType": "fairy",
  "abilities": [
    "synchronize",
    "trace",
    "h:telepathy"
  ],
  "drops": {
    "amount": 2,
    "entries": [
      {
        "item": "minecraft:ender_pearl",
        "quantityRange": "0-1"
      },
      {
        "item": "cobblemon:dawn_stone",
        "percentage": 2.5
      },
      {
        "item": "cobblemon:twisted_spoon",
        "percentage": 2.5
      },
      {
        "item": "cobblemon:kasib_berry",
        "percentage": 2.5
      }
    ]
  },
  "baseStats": {
    "hp": 28,
    "attack": 25,
    "defence": 25,
    "special_attack": 45,
    "special_defence": 35,
    "speed": 40
  },
  "catchRate": 235,
  "maleRatio": 0.5,
  "shoulderMountable": false,
  "forms": [
    {
      "implemented": true,
      "name": "Twilight Ralts",
      "nationalPokedexNumber": 280,
      "primaryType": "ghost",
      "secondaryType": "fighting",
      "abilities": [
        "hustle",
        "battlearmor",
        "h:rattled"
      ],
      "drops": {
        "amount": 2,
        "entries": [
          {
            "item": "twilightforest:armor_shard",
            "quantityRange": "1-2"
          },
          {
            "item": "cobblemon:dawn_stone",
            "percentage": 2.5
          },
          {
            "item": "cobblemon:spell_tag",
            "percentage": 2.5
          },
          {
            "item": "cobblemon:roseli_berry",
            "percentage": 2.5
          }
        ]
      },
      "baseStats": {
        "hp": 28,
        "attack": 45,
        "defence": 35,
        "special_attack": 25,
        "special_defence": 25,
        "speed": 40
      },
      "catchRate": 235,
      "maleRatio": 0.5,
      "shoulderMountable": false,
      "baseExperienceYield": 40,
      "experienceGroup": "slow",
      "eggCycles": 20,
      "eggGroups": [
        "human_like",
        "amorphous"
      ],
      "moves": [
        "1:ironhead",
        "1:astonish",
        "1:harden",
        "3:focusenergy",
        "6:lowkick",
        "9:bulkup",
        "12:shadowsneak",
        "14:spite",
        "15:lowsweep",
        "17:headbutt",
        "18:shadowpunch",
        "21:grudge",
        "24:revenge",
        "27:irondefense",
        "29:smartstrike",
        "30:shadowclaw",
        "33:swordsdance",
        "36:submission",
        "39:phantomforce",
        "42:meteormash",
        "egg:allyswitch",
        "egg:confuseray",
        "egg:destinybond",
        "egg:disable",
        "egg:encore",
        "egg:grudge",
        "egg:knockoff",
        "egg:meanlook",
        "egg:memento",
        "egg:mistyterrain",
        "egg:mysticalfire",
        "egg:shadowsneak",
        "egg:skillswap",
        "egg:synchronoise",
        "egg:willowisp",
        "tm:allyswitch",
        "tm:attract",
        "tm:bodyslam",
        "tm:calmmind",
        "tm:captivate",
        "tm:chargebeam",
        "tm:charm",
        "tm:confide",
        "tm:confuseray",
        "tm:dazzlinggleam",
        "tm:disarmingvoice",
        "tm:doubleteam",
        "tm:drainingkiss",
        "tm:dreameater",
        "tm:echoedvoice",
        "tm:encore",
        "tm:endure",
        "tm:facade",
        "tm:firepunch",
        "tm:flash",
        "tm:fling",
        "tm:frustration",
        "tm:futuresight",
        "tm:grassknot",
        "tm:helpinghand",
        "tm:hiddenpower",
        "tm:hypervoice",
        "tm:icepunch",
        "tm:icywind",
        "tm:imprison",
        "tm:lightscreen",
        "tm:magicalleaf",
        "tm:magicroom",
        "tm:megakick",
        "tm:megapunch",
        "tm:metronome",
        "tm:mistyterrain",
        "tm:naturalgift",
        "tm:protect",
        "tm:psybeam",
        "tm:psychic",
        "tm:psychicterrain",
        "tm:psychup",
        "tm:psyshock",
        "tm:raindance",
        "tm:recycle",
        "tm:reflect",
        "tm:rest",
        "tm:return",
        "tm:round",
        "tm:safeguard",
        "tm:secretpower",
        "tm:shadowball",
        "tm:shockwave",
        "tm:skillswap",
        "tm:sleeptalk",
        "tm:snatch",
        "tm:snore",
        "tm:storedpower",
        "tm:substitute",
        "tm:sunnyday",
        "tm:swagger",
        "tm:swift",
        "tm:taunt",
        "tm:telekinesis",
        "tm:terablast",
        "tm:thief",
        "tm:thunderbolt",
        "tm:thunderpunch",
        "tm:thunderwave",
        "tm:torment",
        "tm:toxic",
        "tm:trick",
        "tm:trickroom",
        "tm:willowisp",
        "tm:wonderroom",
        "tm:zenheadbutt",
        "tutor:allyswitch",
        "tutor:bodyslam",
        "tutor:charm",
        "tutor:confusion",
        "tutor:defensecurl",
        "tutor:destinybond",
        "tutor:doubleedge",
        "tutor:dreameater",
        "tutor:encore",
        "tutor:endure",
        "tutor:expandingforce",
        "tutor:firepunch",
        "tutor:growl",
        "tutor:headbutt",
        "tutor:helpinghand",
        "tutor:hypervoice",
        "tutor:icepunch",
        "tutor:icywind",
        "tutor:magiccoat",
        "tutor:magicroom",
        "tutor:mimic",
        "tutor:mudslap",
        "tutor:nightmare",
        "tutor:painsplit",
        "tutor:psychup",
        "tutor:recycle",
        "tutor:reflect",
        "tutor:shockwave",
        "tutor:signalbeam",
        "tutor:sing",
        "tutor:skillswap",
        "tutor:sleeptalk",
        "tutor:snatch",
        "tutor:snore",
        "tutor:substitute",
        "tutor:swagger",
        "tutor:swift",
        "tutor:telekinesis",
        "tutor:thunderpunch",
        "tutor:thunderwave",
        "tutor:trick",
        "tutor:wish",
        "tutor:wonderroom",
        "tutor:zenheadbutt"
      ],
      "labels": [
        "gen3"
      ],
      "pokedex": [
        "cobblemon.species.ralts.desc"
      ],
      "evolutions": [
        {
          "id": "ralts_kirlia_twilight",
          "variant": "level_up",
          "result": "kirlia form=twilight",
          "consumeHeldItem": false,
          "learnableMoves": [],
          "requirements": [
            {
              "variant": "level",
              "minLevel": 20
            }
          ]
        }
      ],
      "baseScale": 0.8,
      "hitbox": {
        "width": 0.5,
        "height": 0.9,
        "fixed": false
      },
      "baseFriendship": 35,
      "evYield": {
        "hp": 0,
        "attack": 1,
        "defence": 0,
        "special_attack": 0,
        "special_defence": 0,
        "speed": 0
      },
      "height": 4,
      "weight": 86,
      "aspects": ["twilight"],
      "cannotDynamax": false
    }
  ],
  "baseExperienceYield": 40,
  "experienceGroup": "slow",
  "eggCycles": 20,
  "eggGroups": [
    "human_like",
    "amorphous"
  ],
  "moves": [
    "1:disarmingvoice",
    "1:growl",
    "3:doubleteam",
    "6:confusion",
    "9:hypnosis",
    "12:drainingkiss",
    "14:luckychant",
    "15:teleport",
    "17:magicalleaf",
    "18:psybeam",
    "21:lifedew",
    "24:charm",
    "27:calmmind",
    "29:imprison",
    "30:psychic",
    "33:healpulse",
    "36:dreameater",
    "39:futuresight",
    "42:storedpower",
    "egg:allyswitch",
    "egg:confuseray",
    "egg:destinybond",
    "egg:disable",
    "egg:encore",
    "egg:grudge",
    "egg:knockoff",
    "egg:meanlook",
    "egg:memento",
    "egg:mistyterrain",
    "egg:mysticalfire",
    "egg:shadowsneak",
    "egg:skillswap",
    "egg:synchronoise",
    "egg:willowisp",
    "tm:allyswitch",
    "tm:attract",
    "tm:bodyslam",
    "tm:calmmind",
    "tm:captivate",
    "tm:chargebeam",
    "tm:charm",
    "tm:confide",
    "tm:confuseray",
    "tm:dazzlinggleam",
    "tm:disarmingvoice",
    "tm:doubleteam",
    "tm:drainingkiss",
    "tm:dreameater",
    "tm:echoedvoice",
    "tm:encore",
    "tm:endure",
    "tm:facade",
    "tm:firepunch",
    "tm:flash",
    "tm:fling",
    "tm:frustration",
    "tm:futuresight",
    "tm:grassknot",
    "tm:helpinghand",
    "tm:hiddenpower",
    "tm:hypervoice",
    "tm:icepunch",
    "tm:icywind",
    "tm:imprison",
    "tm:lightscreen",
    "tm:magicalleaf",
    "tm:magicroom",
    "tm:megakick",
    "tm:megapunch",
    "tm:metronome",
    "tm:mistyterrain",
    "tm:naturalgift",
    "tm:protect",
    "tm:psybeam",
    "tm:psychic",
    "tm:psychicterrain",
    "tm:psychup",
    "tm:psyshock",
    "tm:raindance",
    "tm:recycle",
    "tm:reflect",
    "tm:rest",
    "tm:return",
    "tm:round",
    "tm:safeguard",
    "tm:secretpower",
    "tm:shadowball",
    "tm:shockwave",
    "tm:skillswap",
    "tm:sleeptalk",
    "tm:snatch",
    "tm:snore",
    "tm:storedpower",
    "tm:substitute",
    "tm:sunnyday",
    "tm:swagger",
    "tm:swift",
    "tm:taunt",
    "tm:telekinesis",
    "tm:terablast",
    "tm:thief",
    "tm:thunderbolt",
    "tm:thunderpunch",
    "tm:thunderwave",
    "tm:torment",
    "tm:toxic",
    "tm:trick",
    "tm:trickroom",
    "tm:willowisp",
    "tm:wonderroom",
    "tm:zenheadbutt",
    "tutor:allyswitch",
    "tutor:bodyslam",
    "tutor:charm",
    "tutor:confusion",
    "tutor:defensecurl",
    "tutor:destinybond",
    "tutor:doubleedge",
    "tutor:dreameater",
    "tutor:encore",
    "tutor:endure",
    "tutor:expandingforce",
    "tutor:firepunch",
    "tutor:growl",
    "tutor:headbutt",
    "tutor:helpinghand",
    "tutor:hypervoice",
    "tutor:icepunch",
    "tutor:icywind",
    "tutor:magiccoat",
    "tutor:magicroom",
    "tutor:mimic",
    "tutor:mudslap",
    "tutor:nightmare",
    "tutor:painsplit",
    "tutor:psychup",
    "tutor:recycle",
    "tutor:reflect",
    "tutor:shockwave",
    "tutor:signalbeam",
    "tutor:sing",
    "tutor:skillswap",
    "tutor:sleeptalk",
    "tutor:snatch",
    "tutor:snore",
    "tutor:substitute",
    "tutor:swagger",
    "tutor:swift",
    "tutor:telekinesis",
    "tutor:thunderpunch",
    "tutor:thunderwave",
    "tutor:trick",
    "tutor:wish",
    "tutor:wonderroom",
    "tutor:zenheadbutt"
  ],
  "labels": [
    "gen3"
  ],
  "pokedex": [
    "cobblemon.species.ralts.desc"
  ],
  "evolutions": [
    {
      "id": "ralts_kirlia",
      "variant": "level_up",
      "result": "kirlia",
      "consumeHeldItem": false,
      "learnableMoves": [],
      "requirements": [
        {
          "variant": "level",
          "minLevel": 20
        }
      ]
    }
  ],
  "baseScale": 0.8,
  "hitbox": {
    "width": 0.5,
    "height": 0.9,
    "fixed": false
  },
  "baseFriendship": 35,
  "evYield": {
    "hp": 0,
    "attack": 0,
    "defence": 0,
    "special_attack": 1,
    "special_defence": 0,
    "speed": 0
  },
  "height": 4,
  "weight": 66,
  "aspects": [],
  "cannotDynamax": false
}