{
	"format_version": "1.12.0",
	"minecraft:geometry": [
		{
			"description": {
				"identifier": "geometry.sealeo",
				"texture_width": 128,
				"texture_height": 128,
				"visible_bounds_width": 4,
				"visible_bounds_height": 2.5,
				"visible_bounds_offset": [0, 0.75, 0]
			},
			"bones": [
				{
					"name": "sealeo",
					"pivot": [0, 0, -1]
				},
				{
					"name": "body",
					"parent": "sealeo",
					"pivot": [0, 0, -1],
					"cubes": [
						{"origin": [-6.5, 0, -3], "size": [13, 9, 10], "uv": [0, 0]},
						{"origin": [-5.5, 3.1, -8.5], "size": [11, 8, 8], "pivot": [-0.5, 4, -3], "rotation": [-35, 0, 0], "uv": [0, 19]},
						{"origin": [-5, 0, 7], "size": [10, 7, 4], "uv": [0, 35]}
					]
				},
				{
					"name": "head",
					"parent": "body",
					"pivot": [0, 10, -9.5],
					"cubes": [
						{"origin": [-4.5, 11, -12.5], "size": [9, 6, 8], "pivot": [0.5, 12.5, -10.5], "rotation": [-2.5, 0, 0], "uv": [32, 27]},
						{"origin": [-4.5, 9, -9.7], "size": [9, 2, 5], "pivot": [0.5, 12.5, -10.5], "rotation": [-2.5, 0, 0], "uv": [32, 19]},
						{"origin": [-3, 11.1, -13.4], "size": [6, 2, 2], "pivot": [0, 11.5, -13], "rotation": [10, 0, 0], "uv": [27, 50]},
						{"origin": [1.7, 9.9, -13], "size": [1, 2, 0], "pivot": [0, 11.5, -13], "rotation": [10, 0, 0], "uv": [0, 2]},
						{"origin": [-2.7, 9.9, -13], "size": [1, 2, 0], "pivot": [0, 11.5, -13], "rotation": [10, 0, 0], "uv": [0, 2], "mirror": true}
					]
				},
				{
					"name": "leftEye",
					"parent": "head",
					"pivot": [1.2, 13.5, -11.55],
					"rotation": [-2.5, 0, 0],
					"cubes": [
						{"origin": [1.2, 13.5, -12.53], "size": [2, 2, 0], "uv": [0, 0]},
						{"origin": [1.4, 14.3, -12.55002], "size": [1, 1, 0], "uv": [2, 2]}
					]
				},
				{
					"name": "rightEye",
					"parent": "head",
					"pivot": [-1.2, 13.5, -11.55],
					"rotation": [-2.5, 0, 0],
					"cubes": [
						{"origin": [-3.2, 13.5, -12.53], "size": [2, 2, 0], "uv": [0, 0], "mirror": true},
						{"origin": [-2.4, 14.3, -12.55002], "size": [1, 1, 0], "uv": [2, 2], "mirror": true}
					]
				},
				{
					"name": "mouth",
					"parent": "head",
					"pivot": [0, 10.6, -9.5],
					"cubes": [
						{"origin": [-4, 9.1, -12.4], "size": [8, 2, 3], "uv": [38, 0]}
					]
				},
				{
					"name": "hair1",
					"parent": "head",
					"pivot": [1.2, 12.5, -13.6],
					"rotation": [10, 7.5, 2.5],
					"cubes": [
						{"origin": [0.2, 11, -13.7], "size": [8, 2, 0], "uv": [71, 4]},
						{"origin": [1.2, 11, -13.7], "size": [7, 3, 0], "pivot": [1.2, 12.5, -13.6], "rotation": [0, -1, 25], "uv": [70, 0]},
						{"origin": [1.5, 11.5, -13.7], "size": [7, 2, 0], "pivot": [1.2, 12.5, -13.6], "rotation": [0, -2.5, 45], "uv": [86, 0]}
					]
				},
				{
					"name": "hair2",
					"parent": "head",
					"pivot": [-1.2, 12.5, -13.6],
					"rotation": [10, -7.5, -2.5],
					"cubes": [
						{"origin": [-8.2, 11, -13.7], "size": [8, 2, 0], "uv": [71, 4], "mirror": true},
						{"origin": [-8.2, 11, -13.7], "size": [7, 3, 0], "pivot": [-1.2, 12.5, -13.6], "rotation": [0, 1, -25], "uv": [70, 0], "mirror": true},
						{"origin": [-8.5, 11.5, -13.7], "size": [7, 2, 0], "pivot": [-1.2, 12.5, -13.6], "rotation": [0, 2.5, -45], "uv": [86, 0], "mirror": true}
					]
				},
				{
					"name": "leftHand",
					"parent": "body",
					"pivot": [6.5, 4.8, -0.5],
					"rotation": [0, 0, 50],
					"cubes": [
						{"origin": [6.5, 3.8, -2.5], "size": [4, 2, 4], "uv": [48, 5]}
					]
				},
				{
					"name": "leftHand2",
					"parent": "leftHand",
					"pivot": [10.5, 4.8, -0.5],
					"rotation": [0, 0, -40],
					"cubes": [
						{"origin": [10.5, 3.8, -3], "size": [5, 2, 5], "uv": [25, 41]}
					]
				},
				{
					"name": "rightHand",
					"parent": "body",
					"pivot": [-6.5, 4.8, -0.5],
					"rotation": [0, 0, -50],
					"cubes": [
						{"origin": [-10.5, 3.8, -2.5], "size": [4, 2, 4], "uv": [48, 5], "mirror": true}
					]
				},
				{
					"name": "rightHand2",
					"parent": "rightHand",
					"pivot": [-10.5, 4.8, -0.5],
					"rotation": [0, 0, 40],
					"cubes": [
						{"origin": [-15.5, 3.8, -3], "size": [5, 2, 5], "uv": [25, 41], "mirror": true}
					]
				},
				{
					"name": "tail",
					"parent": "body",
					"pivot": [3.4, 0.6, 11],
					"rotation": [7.5, 15, 0],
					"cubes": [
						{"origin": [1.4, 0, 11], "size": [4, 2, 5], "uv": [40, 43]}
					]
				},
				{
					"name": "tail2",
					"parent": "tail",
					"pivot": [3.425, 0.9, 16],
					"rotation": [-15, 0, 0],
					"cubes": [
						{"origin": [1.425, 0.5, 16], "size": [4, 1, 4], "uv": [13, 46]}
					]
				},
				{
					"name": "tail5",
					"parent": "body",
					"pivot": [0, 0.7, 11],
					"rotation": [7.5, 0, 0],
					"cubes": [
						{"origin": [-2, 0.1, 11], "size": [4, 2, 5], "uv": [0, 46]}
					]
				},
				{
					"name": "tail6",
					"parent": "tail5",
					"pivot": [0.025, 0.7, 16],
					"rotation": [-15, 0, 0],
					"cubes": [
						{"origin": [-2, 0.5, 16], "size": [4, 1, 4], "uv": [48, 11]}
					]
				},
				{
					"name": "tail3",
					"parent": "body",
					"pivot": [-3.4, 0.6, 11],
					"rotation": [7.5, -15, 0],
					"cubes": [
						{"origin": [-5.4, 0, 11], "size": [4, 2, 5], "uv": [40, 43], "mirror": true}
					]
				},
				{
					"name": "tail4",
					"parent": "tail3",
					"pivot": [-3.425, 0.9, 16],
					"rotation": [-15, 0, 0],
					"cubes": [
						{"origin": [-5.425, 0.5, 16], "size": [4, 1, 4], "uv": [13, 46], "mirror": true}
					]
				}
			]
		}
	]
}