{
    "enabled": true,
    "neededInstalledMods": [],
    "neededUninstalledMods": [],
    "spawns": [
        {
            "id": "blastoise-1",
            "pokemon": "blastoise",
            "presets": [
                "natural",
                "river"
            ],
            "type": "pokemon",
            "context": "grounded",
            "bucket": "uncommon",
            "level": "36-53",
            "weight": 0.1,
            "condition": {
                "canSeeSky": true
            }
        },
        {
            "id": "blastoise-2",
            "pokemon": "blastoise",
            "presets": [
                "river",
                "underwater"
            ],
            "type": "pokemon",
            "context": "submerged",
            "bucket": "uncommon",
            "level": "36-53",
            "weight": 0.1,
            "condition": {
                "canSeeSky": true
            }
        },
        {
            "id": "blastoise-3",
            "pokemon": "blastoise",
            "presets": [
                "underwater"
            ],
            "type": "pokemon",
            "context": "submerged",
            "bucket": "uncommon",
            "level": "40-56",
            "weight": 0.1,
            "condition": {
                "biomes": [
                    "betterend:megalake",
                    "betterend:megalake_grove"
                ]
            }
        }
    ]
}