{
    "enabled": "true",
    "neededInstalledMods": [],
    "neededUninstalledMods": [],
    "spawns": [
        {
            "id": "meganium-1",
            "pokemon": "meganium",
            "presets": [
                "natural"
            ],
            "type": "pokemon",
            "context": "grounded",
            "bucket": "uncommon",
            "level": "32-53",
            "weight": 0.1,
            "condition": {
                "canSeeSky": true,
                "biomes": [
                    "#cobblemon:is_floral"
                ]
            }
        },
        {
            "id": "meganium-2",
            "pokemon": "meganium",
            "type": "pokemon",
            "context": "grounded",
            "bucket": "uncommon",
            "level": "32-53",
            "weight": 0.1,
            "condition": {
                "biomes": [
                    "the_bumblezone:floral_meadow"
                ]
            },
            "anticondition": {
                "structures": [
                    "#the_bumblezone:sempiternal_sanctums"
                ]
            }
        },
        {
            "id": "meganium-3",
            "pokemon": "chikorita",
            "presets": [
                "natural"
            ],
            "type": "pokemon",
            "context": "grounded",
            "bucket": "uncommon",
            "level": "36-58",
            "weight": 9.0,
            "condition": {
                "biomes": [
                    "betterend:foggy_mushroomland",
                    "betterend:umbrella_jungle"
                ]
            }
        }
    ]
}