{
    "enabled": "true",
    "neededInstalledMods": [],
    "neededUninstalledMods": [],
    "spawns": [
        {
            "id": "totodile-1",
            "pokemon": "totodile",
            "presets": [
                "natural"
            ],
            "type": "pokemon",
            "context": "grounded",
            "bucket": "uncommon",
            "level": "5-31",
            "weight": 9.0,
            "condition": {
                "canSeeSky": true,
                "biomes": [
                    "#cobblemon:is_swamp"
                ]
            }
        },
        {
            "id": "totodile-2",
            "pokemon": "totodile",
            "presets": [
                "underwater"
            ],
            "type": "pokemon",
            "context": "submerged",
            "bucket": "uncommon",
            "level": "5-31",
            "weight": 9.0,
            "condition": {
                "canSeeSky": true,
                "biomes": [
                    "#cobblemon:is_swamp"
                ]
            }
        },
        {
            "id": "totodile-3",
            "pokemon": "totodile",
            "presets": [
                "underwater"
            ],
            "type": "pokemon",
            "context": "submerged",
            "bucket": "uncommon",
            "level": "8-36",
            "weight": 9.0,
            "condition": {
                "biomes": [
                    "betterend:megalake",
                    "betterend:megalake_grove"
                ]
            }
        }
    ]
}