{
    "enabled": "true",
    "neededInstalledMods": [],
    "neededUninstalledMods": [],
    "spawns": [
        {
            "id": "sceptile-1",
            "pokemon": "sceptile",
            "presets": [
                "natural",
                "treetop"
            ],
            "type": "pokemon",
            "context": "grounded",
            "bucket": "uncommon",
            "level": "36-53",
            "weight": 0.1,
            "condition": {
                "canSeeSky": true,
                "biomes": [
                    "#cobblemon:is_jungle"
                ]
            }
        },
        {
            "id": "sceptile-2",
            "pokemon": "sceptile",
            "presets": [
                "natural"
            ],
            "type": "pokemon",
            "context": "grounded",
            "bucket": "uncommon",
            "level": "36-58",
            "weight": 0.1,
            "condition": {
                "biomes": [
                    "betterend:foggy_mushroomland",
                    "betterend:umbrella_jungle"
                ]
            }
        }
    ]
}