{
    "enabled": true,
    "neededInstalledMods": [],
    "neededUninstalledMods": [],
    "spawns": [
        {
            "id": "swampert-1",
            "pokemon": "swampert",
            "presets": [
                "natural"
            ],
            "type": "pokemon",
            "context": "grounded",
            "bucket": "uncommon",
            "level": "36-53",
            "weight": 0.1,
            "condition": {
                "canSeeSky": true,
                "biomes": [
                    "#cobblemon:is_swamp"
                ],
                "isRaining": true
            }
        },
        {
            "id": "swampert-2",
            "pokemon": "swampert",
            "presets": [
                "underwater"
            ],
            "type": "pokemon",
            "context": "submerged",
            "bucket": "uncommon",
            "level": "36-53",
            "weight": 0.1,
            "condition": {
                "canSeeSky": true,
                "biomes": [
                    "#cobblemon:is_swamp"
                ]
            }
        },
        {
            "id": "swampert-3",
            "pokemon": "swampert",
            "presets": [
                "underwater"
            ],
            "type": "pokemon",
            "context": "submerged",
            "bucket": "uncommon",
            "level": "36-58",
            "weight": 0.1,
            "condition": {
                "biomes": [
                    "betterend:megalake",
                    "betterend:megalake_grove"
                ]
            }
        }
    ]
}