{
    "enabled": "true",
    "neededInstalledMods": [],
    "neededUninstalledMods": [],
    "spawns": [
        {
            "id": "tepig-1",
            "pokemon": "tepig",
            "presets": [
                "natural"
            ],
            "type": "pokemon",
            "context": "grounded",
            "bucket": "uncommon",
            "level": "5-31",
            "weight": 9.0,
            "condition": {
                "canSeeSky": true,
                "biomes": [
                    "#cobblemon:is_plains",
                    "terrestria:volcanic_island"
                ]
            }
        },
		{
            "id": "tepig-2",
            "pokemon": "tepig",
            "presets": [
                "natural"
            ],
            "type": "pokemon",
            "context": "grounded",
            "bucket": "uncommon",
            "level": "5-31",
            "weight": 9.0,
            "condition": {
				"biomes": [
                    "#cobblemon:is_nether_crimson",
					"#cobblemon:is_nether_overgrowth"
                ]
			}
        }
    ]
}