{
    "enabled": true,
    "neededInstalledMods": [],
    "neededUninstalledMods": [],
    "spawns": [
        {
            "id": "frogadier-1",
            "pokemon": "frogadier",
            "presets": [
                "natural",
                "freshwater"
            ],
            "type": "pokemon",
            "context": "grounded",
            "bucket": "uncommon",
            "level": "16-41",
            "weight": 0.9,
            "condition": {
                "minSkyLight": 8,
                "maxSkyLight": 15
            }
        },
        {
            "id": "frogadier-2",
            "pokemon": "frogadier",
            "presets": [
                "freshwater",
                "underwater"
            ],
            "type": "pokemon",
            "context": "submerged",
            "bucket": "uncommon",
            "level": "16-41",
            "weight": 0.9,
            "condition": {
                "canSeeSky": true
            }
        }
    ]
}