{
    "enabled": true,
    "neededInstalledMods": [],
    "neededUninstalledMods": [],
    "spawns": [
        {
            "id": "meowscarada-1",
            "pokemon": "meowscarada",
            "presets": [
                "natural"
            ],
            "type": "pokemon",
            "context": "grounded",
            "bucket": "uncommon",
            "level": "36-53",
            "weight": 0.1,
            "condition": {
                "minSkyLight": 8,
                "maxSkyLight": 15,
                "biomes": [
                    "#cobblemon:is_floral",
                    "#cobblemon:is_magical"
                ]
            }
        },
        {
            "id": "meowscarada-2",
            "pokemon": "meowscarada",
            "presets": [
                "natural"
            ],
            "type": "pokemon",
            "context": "grounded",
            "bucket": "uncommon",
            "level": "36-53",
            "weight": 0.1,
            "condition": {
                "biomes": [
                    "#cobblemon:nether/is_warped"
                ]
            },
            "anticondition": {
                "biomes": [
                    "#cobblemon:nether/is_desert"
                ]
            }
        }
    ]
}