{
    "enabled": "true",
    "neededInstalledMods": [],
    "neededUninstalledMods": [],
    "spawns": [
        {
            "id": "skeledirge-1",
            "pokemon": "skeledirge",
            "presets": [
                "natural"
            ],
            "type": "pokemon",
            "context": "grounded",
            "bucket": "uncommon",
            "level": "36-53",
            "weight": 0.1,
            "condition": {
                "canSeeSky": true,
                "biomes": [
                    "#cobblemon:is_badlands",
                    "terrestria:volcanic_island"
                ]
            }
        },
        {
            "id": "skeledirge-2",
            "pokemon": "skeledirge",
            "presets": [
                "natural"
            ],
            "type": "pokemon",
            "context": "grounded",
            "bucket": "uncommon",
            "level": "36-53",
            "weight": 0.1,
            "condition": {
                "biomes": [
                    "#cobblemon:is_nether_wasteland"
                ]
            }
        },
        {
            "id": "skeledirge-3",
            "pokemon": "skeledirge",
            "presets": [
                "derelict"
            ],
            "type": "pokemon",
            "context": "grounded",
            "bucket": "uncommon",
            "level": "36-53",
            "weight": 0.1,
            "condition": {
                "biomes": [
                    "regions_unexplored:scorching_caves",
                    "terralith:cave/mantle_caves"
                ],
                "neededNearbyBlocks": [
                    "regions_unexplored:ash_vent",
                    "#minecraft:basalt",
                    "#minecraft:blackstone",
                    "#minecraft:lava"
                ]
            }
        }
    ]
}