{
  "target": "cobblemon:ivysaur",
  "implemented": true,
  "name": "Ivysaur",
  "forms": [
    {
      "implemented": true,
      "name": "Shadow",
      "nationalPokedexNumber": 2,
      "primaryType": "dark",
      "secondaryType": "grass",
      "abilities": [
        "darkaura"
      ],
      "baseStats": {
        "hp": 92,
        "attack": 94,
        "defence": 96,
        "special_attack": 113,
        "special_defence": 113,
        "speed": 92
      },
      "behaviour": {
        "resting": {
          "canSleep": false
        }
      },
      "catchRate": 15,
      "maleRatio": 0.875,
      "shoulderMountable": false,
      "baseExperienceYield": 142,
      "experienceGroup": "medium_slow",
      "eggCycles": 20,
      "eggGroups": [
        "monster",
        "grass"
      ],
      "drops": {
        "amount": 3,
        "entries": [
          {
            "item": "minecraft:netherite_scrap",
            "quantityRange": "0-2"
          },
          {
            "item": "cobblemon:miracle_seed",
            "percentage": 10.0
          }
        ]
      },
      "moves": [
        "1:screech",
        "1:growth",
        "1:pursuit",
        "4:vinewhip",
        "9:leechseed",
        "12:razorleaf",
        "15:poisonpowder",
        "15:sleeppowder",
        "20:seedbomb",
        "25:payback",
        "30:toxic",
        "34:petaldance",
        "37:synthesis",
        "44:comeuppance",
        "50:petalblizzard",
        "51:doubleedge",
        "58:lashout",
        "60:solarbeam",
        "62:foulplay",
        "64:punishment",
        "66:energyball",
        "68:jawlock",
        "70:frenzyplant",
        "tm:amnesia",
        "tm:attract",
        "tm:bodyslam",
        "tm:bulletseed",
        "tm:captivate",
        "tm:charm",
        "tm:confide",
        "tm:cut",
        "tm:doubleteam",
        "tm:echoedvoice",
        "tm:endure",
        "tm:energyball",
        "tm:facade",
        "tm:falseswipe",
        "tm:flash",
        "tm:frustration",
        "tm:gigadrain",
        "tm:grassknot",
        "tm:grassyterrain",
        "tm:helpinghand",
        "tm:hiddenpower",
        "tm:leafstorm",
        "tm:lightscreen",
        "tm:magicalleaf",
        "tm:naturalgift",
        "tm:naturepower",
        "tm:powerwhip",
        "tm:protect",
        "tm:rest",
        "tm:return",
        "tm:rocksmash",
        "tm:round",
        "tm:safeguard",
        "tm:secretpower",
        "tm:seedbomb",
        "tm:sleeptalk",
        "tm:sludgebomb",
        "tm:snore",
        "tm:solarbeam",
        "tm:strength",
        "tm:substitute",
        "tm:sunnyday",
        "tm:swagger",
        "tm:swordsdance",
        "tm:toxic",
        "tm:venoshock",
        "tm:weatherball",
        "tm:workup",
        "tutor:attract",
        "tutor:bide",
        "tutor:bind",
        "tutor:bodyslam",
        "tutor:curse",
        "tutor:cut",
        "tutor:defensecurl",
        "tutor:doubleedge",
        "tutor:doubleteam",
        "tutor:endure",
        "tutor:facade",
        "tutor:flash",
        "tutor:frustration",
        "tutor:furycutter",
        "tutor:gigadrain",
        "tutor:grasspledge",
        "tutor:grassyglide",
        "tutor:growl",
        "tutor:growth",
        "tutor:headbutt",
        "tutor:hiddenpower",
        "tutor:knockoff",
        "tutor:leechseed",
        "tutor:lightscreen",
        "tutor:megadrain",
        "tutor:mimic",
        "tutor:mudslap",
        "tutor:outrage",
        "tutor:poisonpowder",
        "tutor:protect",
        "tutor:rage",
        "tutor:razorleaf",
        "tutor:reflect",
        "tutor:rest",
        "tutor:return",
        "tutor:seedbomb",
        "tutor:sleeppowder",
        "tutor:sleeptalk",
        "tutor:sludgebomb",
        "tutor:snore",
        "tutor:solarbeam",
        "tutor:stringshot",
        "tutor:substitute",
        "tutor:sunnyday",
        "tutor:swagger",
        "tutor:sweetscent",
        "tutor:swordsdance",
        "tutor:synthesis",
        "tutor:tackle",
        "tutor:takedown",
        "tutor:toxic",
        "tutor:vinewhip",
        "tutor:worryseed"
      ],
      "labels": [
        "gen1"
      ],
      "pokedex": [
        "cobblemon.species.ivysaur.desc"
      ],
      "preEvolution": "bulbasaur shadow",
      "evolutions": [
        {
          "id": "ivysaur_venusaur_shadow",
          "variant": "level_up",
          "result": "venusaur shadow",
          "consumeHeldItem": false,
          "learnableMoves": [
            "petalblizzard"
          ],
          "requirements": [
            {
              "variant": "level",
              "minLevel": 64
            }
          ]
        }
      ],
      "baseScale": 1,
      "hitbox": {
        "width": 0.7,
        "height": 1,
        "fixed": false
      },
      "baseFriendship": 50,
      "evYield": {
        "hp": 0,
        "attack": 0,
        "defence": 0,
        "special_attack": 1,
        "special_defence": 1,
        "speed": 0
      },
      "height": 10,
      "weight": 130,
      "aspects": ["shadow"],
      "cannotDynamax": false
    }
  ]
}