{
  "target": "cobblemon:venusaur",
  "implemented": true,
  "name": "Venusaur",
  "forms": [
    {
      "implemented": true,
      "name": "Shadow",
      "nationalPokedexNumber": 3,
      "primaryType": "dark",
      "secondaryType": "grass",
      "abilities": [
        "darkaura"
      ],
      "baseStats": {
        "hp": 100,
        "attack": 102,
        "defence": 103,
        "special_attack": 123,
        "special_defence": 122,
        "speed": 100
      },
      "behaviour": {
        "resting": {
          "canSleep": false
        },
        "moving": {
          "walk": {
            "walkSpeed": 0.3
          }
        }
      },
      "catchRate": 12,
      "maleRatio": 0.875,
      "shoulderMountable": false,
      "baseExperienceYield": 263,
      "experienceGroup": "medium_slow",
      "eggCycles": 20,
      "eggGroups": [
        "monster",
        "grass"
      ],
      "drops": {
        "amount": 2,
        "entries": [
          {
            "item": "minecraft:netherite_scrap",
            "quantityRange": "0-3"
          },
          {
            "item": "cobblemon:coba_berry",
            "percentage": 2.5
          }
        ]
      },
      "moves": [
        "1:screech",
        "1:growth",
        "1:pursuit",
        "4:vinewhip",
        "9:leechseed",
        "12:razorleaf",
        "15:poisonpowder",
        "15:sleeppowder",
        "20:seedbomb",
        "25:payback",
        "30:toxic",
        "34:petaldance",
        "37:synthesis",
        "44:comeuppance",
        "50:petalblizzard",
        "51:doubleedge",
        "58:lashout",
        "60:solarbeam",
        "62:foulplay",
        "64:punishment",
        "66:energyball",
        "68:jawlock",
        "70:frenzyplant",
        "tm:amnesia",
        "tm:attract",
        "tm:bodyslam",
        "tm:bulldoze",
        "tm:bulletseed",
        "tm:captivate",
        "tm:charm",
        "tm:confide",
        "tm:cut",
        "tm:doubleteam",
        "tm:earthpower",
        "tm:earthquake",
        "tm:echoedvoice",
        "tm:endure",
        "tm:energyball",
        "tm:facade",
        "tm:falseswipe",
        "tm:flash",
        "tm:frustration",
        "tm:gigadrain",
        "tm:gigaimpact",
        "tm:grassknot",
        "tm:grassyterrain",
        "tm:helpinghand",
        "tm:hiddenpower",
        "tm:hyperbeam",
        "tm:leafstorm",
        "tm:lightscreen",
        "tm:magicalleaf",
        "tm:naturalgift",
        "tm:naturepower",
        "tm:outrage",
        "tm:powerwhip",
        "tm:protect",
        "tm:rest",
        "tm:return",
        "tm:roar",
        "tm:rockclimb",
        "tm:rocksmash",
        "tm:round",
        "tm:safeguard",
        "tm:secretpower",
        "tm:seedbomb",
        "tm:sleeptalk",
        "tm:sludgebomb",
        "tm:snore",
        "tm:solarbeam",
        "tm:stompingtantrum",
        "tm:strength",
        "tm:substitute",
        "tm:sunnyday",
        "tm:swagger",
        "tm:swordsdance",
        "tm:toxic",
        "tm:venoshock",
        "tm:weatherball",
        "tm:workup",
        "tutor:amnesia",
        "tutor:attract",
        "tutor:bide",
        "tutor:bind",
        "tutor:block",
        "tutor:bodyslam",
        "tutor:curse",
        "tutor:cut",
        "tutor:defensecurl",
        "tutor:doubleedge",
        "tutor:doubleteam",
        "tutor:earthquake",
        "tutor:endure",
        "tutor:facade",
        "tutor:flash",
        "tutor:frenzyplant",
        "tutor:frustration",
        "tutor:furycutter",
        "tutor:gigadrain",
        "tutor:grasspledge",
        "tutor:grassyglide",
        "tutor:growl",
        "tutor:growth",
        "tutor:headbutt",
        "tutor:hiddenpower",
        "tutor:hyperbeam",
        "tutor:knockoff",
        "tutor:leechseed",
        "tutor:lightscreen",
        "tutor:megadrain",
        "tutor:mimic",
        "tutor:mudslap",
        "tutor:outrage",
        "tutor:petaldance",
        "tutor:poisonpowder",
        "tutor:powerwhip",
        "tutor:protect",
        "tutor:rage",
        "tutor:razorleaf",
        "tutor:reflect",
        "tutor:rest",
        "tutor:return",
        "tutor:roar",
        "tutor:seedbomb",
        "tutor:sleeppowder",
        "tutor:sleeptalk",
        "tutor:sludgebomb",
        "tutor:snore",
        "tutor:solarbeam",
        "tutor:stompingtantrum",
        "tutor:stringshot",
        "tutor:substitute",
        "tutor:sunnyday",
        "tutor:swagger",
        "tutor:sweetscent",
        "tutor:swordsdance",
        "tutor:synthesis",
        "tutor:tackle",
        "tutor:takedown",
        "tutor:terrainpulse",
        "tutor:toxic",
        "tutor:vinewhip",
        "tutor:worryseed"
      ],
      "labels": [
        "gen1"
      ],
      "pokedex": [
        "cobblemon.species.venusaur.desc"
      ],
      "preEvolution": "ivysaur shadow",
      "evolutions": [],
      "baseScale": 2,
      "hitbox": {
        "width": 1.5,
        "height": 1.4,
        "fixed": false
      },
      "baseFriendship": 50,
      "evYield": {
        "hp": 0,
        "attack": 0,
        "defence": 0,
        "special_attack": 2,
        "special_defence": 1,
        "speed": 0
      },
      "height": 20,
      "weight": 1000,
      "aspects": ["shadow"],
      "cannotDynamax": false
    }
  ]
}