{
  "implemented": true,
  "name": "Galvantula",
  "nationalPokedexNumber": 596,
  "primaryType": "bug",
  "secondaryType": "electric",
  "abilities": [
    "compoundeyes",
    "unnerve",
    "h:swarm"
  ],
  "drops": {
    "amount": 7,
    "entries": [
      {
        "item": "minecraft:string",
        "quantityRange": "0-2"
      },
      {
        "item": "minecraft:spider_eye",
        "quantityRange": "0-2"
      },
      {
        "item": "twilightforest:borer_essence",
        "quantityRange": "0-2"
      },
      {
        "item": "cobblemon:nanab_berry",
        "percentage": 5.0
      }
    ]
  },
  "baseStats": {
    "hp": 70,
    "attack": 77,
    "defence": 60,
    "special_attack": 97,
    "special_defence": 60,
    "speed": 108
  },
  "catchRate": 75,
  "maleRatio": 0.5,
  "shoulderMountable": false,
  "baseExperienceYield": 165,
  "experienceGroup": "medium_fast",
  "eggCycles": 20,
  "eggGroups": [
    "bug"
  ],
  "behaviour": {
    "moving": {
      "walk": {
        "walkSpeed": 0.4
      }
    }
  },
  "moves": [
    "1:absorb",
    "1:bugbite",
    "1:electroweb",
    "1:furycutter",
    "1:leechlife",
    "1:spiderweb",
    "1:stickyweb",
    "12:stringshot",
    "16:thunderwave",
    "20:electroball",
    "24:agility",
    "28:suckerpunch",
    "32:slash",
    "34:signalbeam",
    "39:discharge",
    "44:screech",
    "50:gastroacid",
    "56:bugbuzz",
    "tm:agility",
    "tm:attract",
    "tm:bounce",
    "tm:bugbuzz",
    "tm:chargebeam",
    "tm:confide",
    "tm:crosspoison",
    "tm:cut",
    "tm:doubleteam",
    "tm:electroball",
    "tm:electroweb",
    "tm:endure",
    "tm:energyball",
    "tm:facade",
    "tm:flash",
    "tm:frustration",
    "tm:gigadrain",
    "tm:gigaimpact",
    "tm:hiddenpower",
    "tm:hyperbeam",
    "tm:infestation",
    "tm:leechlife",
    "tm:lightscreen",
    "tm:pinmissile",
    "tm:poisonjab",
    "tm:protect",
    "tm:raindance",
    "tm:rest",
    "tm:return",
    "tm:round",
    "tm:screech",
    "tm:secretpower",
    "tm:sleeptalk",
    "tm:snore",
    "tm:speedswap",
    "tm:strugglebug",
    "tm:substitute",
    "tm:swagger",
    "tm:swift",
    "tm:thief",
    "tm:throatchop",
    "tm:thunder",
    "tm:thunderbolt",
    "tm:thunderwave",
    "tm:toxic",
    "tm:voltswitch",
    "tm:wildcharge",
    "tm:xscissor",
    "tutor:bounce",
    "tutor:bugbite",
    "tutor:disable",
    "tutor:electroball",
    "tutor:electroweb",
    "tutor:gastroacid",
    "tutor:gigadrain",
    "tutor:magnetrise",
    "tutor:pursuit",
    "tutor:risingvoltage",
    "tutor:shockwave",
    "tutor:signalbeam",
    "tutor:skittersmack",
    "tutor:sleeptalk",
    "tutor:snore",
    "tutor:throatchop"
  ],
  "labels": [
    "gen5"
  ],
  "pokedex": [
    "cobblemon.species.galvantula.desc"
  ],
  "preEvolution": "joltik",
  "evolutions": [],
  "baseScale": 1,
  "hitbox": {
    "width": 1,
    "height": 1,
    "fixed": false
  },
  "baseFriendship": 50,
  "evYield": {
    "hp": 0,
    "attack": 0,
    "defence": 0,
    "special_attack": 0,
    "special_defence": 0,
    "speed": 2
  },
  "height": 8,
  "weight": 143,
  "aspects": [],
  "cannotDynamax": false
}