{
  "species": "cobblemon:parasect",
  "order": 1,
  "variations": [
    {
      "aspects": ["twilight"],
      "poser": "cobblemon:parasect",
      "model": "cobblemon:parasect_twilight.geo",
      "texture": "cobblemon:textures/pokemon/0047_parasect/parasect_twilight.png",
      "layers": [
        {
          "name": "transparent",
          "emissive": false,
          "texture": "cobblemon:textures/pokemon/0047_parasect/parasect_twilight_transparency.png",
          "translucent": true
        }
      ]
    },
    {
      "aspects": [
        "twilight",
        "shiny"
      ],
      "texture": "cobblemon:textures/pokemon/0047_parasect/parasect_twilight_shiny.png",
      "layers": [
        {
          "name": "transparent",
          "emissive": false,
          "texture": "cobblemon:textures/pokemon/0047_parasect/parasect_twilight_shiny_transparency.png",
          "translucent": true
        }
      ]
    }
  ]
}