{
    "enabled": true,
    "neededInstalledMods": [],
    "neededUninstalledMods": [],
    "spawns": [
        {
            "id": "snover-1",
            "pokemon": "snover",
            "type": "pokemon",
            "context": "grounded",
            "bucket": "uncommon",
            "level": "10-25",
            "weight": 2,
            "condition": {
                "canSeeSky": true,
                "biomes": [
                    "#cobblemon:is_cold",
                    "#cobblemon:is_freezing"
                ]
            }
        }
    ]
}