{
    "head": "head_body",
    "portraitScale": 0.84,
    "portraitTranslation": [ 0.25, 1.19, 0 ],
    "profileScale": 0.7,
    "profileTranslation": [ 0, 1.5, 0 ],
    "faint": "bedrock(cosmog, faint)",
    "poses": {

      "standing": {
        "poseName": "standing",
        "transformTicks": 10,
        "poseTypes": [
          "STAND",
          "NONE",
          "PORTRAIT",
          "PROFILE"
        ],
        "animations": [
          "look",
          "bedrock(cosmog, ground_idle)"
        ],
        "quirks": []
      },

      "walking": {
        "poseName": "walking",
        "transformTicks": 10,
        "poseTypes": [ "WALK" ],
        "animations": [ 
          "look",
          "bedrock(cosmog, ground_walk)"
        ],
        "quirks": []
      }
    }
  }