{
    "head": "head",
    "portraitScale": 0.97,
    "portraitTranslation": [ -0.33, 3.06, 0 ],
    "profileScale": 0.35,
    "profileTranslation": [ 0, 1.25, 0 ],
    "faint": "bedrock(dialga, faint)",
    "poses": {

      "standing": {
        "poseName": "standing",
        "transformTicks": -1,
        "poseTypes": [
          "STAND",
          "NONE",
          "PORTRAIT",
          "PROFILE"
        ],
        "animations": [
          "bedrock(dialga, ground_idle)"
        ],
        "quirks": [
          {
            "name": "blink",
            "animations": ["bedrock(dialga, blink)"]
          }
        ]
      },

      "walking": {
        "poseName": "walking",
        "transformTicks": -1,
        "poseTypes": [ "WALK" ],
        "animations": [ 
          "bedrock(dialga, ground_walk)"
        ],
        "quirks": [
          {
            "name": "blink",
            "animations": ["bedrock(dialga, blink)"]
          }
        ]
      }
    }
  }