{
    "head": "Head",
    "portraitScale": 1.92,
    "portraitTranslation": [ -0.06, 2.36, 0 ],
    "profileScale": 0.87,
    "profileTranslation": [ 0, 1.2, 0 ],
    "poses": {
      "standing": {
        "poseName": "standing",
        "transformTicks": 10,
        "poseTypes": [
          "STAND",
          "NONE",
          "PORTRAIT",
          "PROFILE"
        ],
        "animations": [
          "look",
          "bedrock(mesprit, ground_idle)"
        ]
      },

      "walking": {
        "poseName": "walking",
        "transformTicks": 10,
        "poseTypes": [ "WALK" ],
        "animations": [ 
          "look",
          "bedrock(mesprit, ground_walk)"
        ]
      }
    }
  }