{
    "head": "head",
    "portraitScale": 0.9,
    "portraitTranslation": [ 0.08, 1.35, 0 ],
    "profileScale": 0.43,
    "profileTranslation": [ 0, 1.1, 0 ],
    "poses": {
      "standing": {
        "poseName": "standing",
        "transformTicks": 10,
        "poseTypes": [
          "STAND",
          "NONE",
          "PORTRAIT",
          "PROFILE"
        ],
        "animations": [
          "look",
          "bedrock(regice, ground_idle)"
        ]
      },

      "walking": {
        "poseName": "walking",
        "transformTicks": 10,
        "poseTypes": [ "WALK" ],
        "animations": [ 
          "look",
          "bedrock(regice, ground_walk)"
        ]
      }
    }
  }