{
    "head": "body",
    "portraitScale": 0.95,
    "portraitTranslation": [ -0.05, 1.27, 0 ],
    "profileScale": 0.51,
    "profileTranslation": [ -0.10, 1.1, 0 ],
    "poses": {
      "standing": {
        "poseName": "standing",
        "transformTicks": 10,
        "poseTypes": [
          "STAND",
          "NONE",
          "PORTRAIT",
          "PROFILE"
        ],
        "animations": [
          "bedrock(regigigas, ground_idle)"
        ]
      },

      "walking": {
        "poseName": "walking",
        "transformTicks": 10,
        "poseTypes": [ "WALK" ],
        "animations": [ 
          "bedrock(regigigas, ground_walk)"
        ]
      }
    }
  }