{
    "head": "head",
    "portraitScale": 0.68,
    "portraitTranslation": [ 0.14, 0.43, 0 ],
    "profileScale": 0.66,
    "profileTranslation": [ 0, 0.8, 0 ],
    "poses": {
      "standing": {
        "poseName": "standing",
        "transformTicks": 10,
        "poseTypes": [
          "STAND",
          "NONE",
          "PORTRAIT",
          "PROFILE"
        ],
        "animations": [
          "look",
          "bedrock(rellor, ground_idle)"
        ]
      },
      "walking": {
        "poseName": "walking",
        "transformTicks": 10,
        "poseTypes": [ "WALK" ],
        "animations": [ 
          "look",
          "bedrock(rellor, ground_walk)"
        ]
      }
    }
  }