{
    "head": "head",
    "portraitScale": 1.71,
    "portraitTranslation": [ -0.36, 0.34, 0 ],
    "profileScale": 1,
    "profileTranslation": [ 0, 0.25, 0 ],
    "faint": "bedrock(toucannon, faint)",
    "poses": {

      "standing": {
        "poseName": "standing",
        "transformTicks": 10,
        "poseTypes": [
          "STAND",
          "NONE",
          "PORTRAIT",
          "PROFILE"
        ],
        "animations": [
          "look",
          "bedrock(toucannon, ground_idle)"
        ],
        "quirks": []
      },

      "walking": {
        "poseName": "walking",
        "transformTicks": 10,
        "poseTypes": [ "WALK" ],
        "animations": [ 
          "look",
          "bedrock(toucannon, ground_walk)"
        ],
        "quirks": []
      }
    }
  }