{
    "head": "head",
    "portraitScale": 1.7,
    "portraitTranslation": [ -0.7, 5.8, 0.9 ],
    "profileScale": 0.3,
    "profileTranslation": [ 0, 1.2, 0 ],
    "poses": {
      "standing": {
        "poseName": "standing",
        "transformTicks": 10,
        "poseTypes": [
          "STAND",
          "NONE",
          "PORTRAIT",
          "PROFILE"
        ],
        "animations": [
          "bedrock(ultranecrozma, ground_idle)"
        ]
      },

      "walking": {
        "poseName": "walking",
        "transformTicks": 10,
        "poseTypes": [ "WALK" ],
        "animations": [ 
          "bedrock(ultranecrozma, ground_walk)"
        ]
      }
    }
  }