{
    "head": "Head",
    "portraitScale": 1.78,
    "portraitTranslation": [ 0, 2.19, 0 ],
    "profileScale": 1.01,
    "profileTranslation": [ 0, 1.5, 0 ],
    "poses": {
      "standing": {
        "poseName": "standing",
        "transformTicks": 10,
        "poseTypes": [
          "STAND",
          "NONE",
          "PORTRAIT",
          "PROFILE"
        ],
        "animations": [
          "look",
          "bedrock(uxie, ground_idle)"
        ]
      },

      "walking": {
        "poseName": "walking",
        "transformTicks": 10,
        "poseTypes": [ "WALK" ],
        "animations": [ 
          "look",
          "bedrock(uxie, ground_walk)"
        ]
      }
    }
  }