{
	"format_version": "1.12.0",
	"minecraft:geometry": [
		{
			"description": {
				"identifier": "geometry.unknown",
				"texture_width": 256,
				"texture_height": 256,
				"visible_bounds_width": 12,
				"visible_bounds_height": 7.5,
				"visible_bounds_offset": [0, 3.25, 0]
			},
			"bones": [
				{
					"name": "root",
					"pivot": [0, 0, 0]
				},
				{
					"name": "reshiram",
					"parent": "root",
					"pivot": [0, 0, 0]
				},
				{
					"name": "body",
					"parent": "reshiram",
					"pivot": [-5.5, 20.35, -0.75]
				},
				{
					"name": "leg_left",
					"parent": "body",
					"pivot": [16.44675, 25.54692, -11.06144],
					"cubes": [
						{"origin": [13.9, 25.95, -10.75], "size": [1, 12, 5], "pivot": [9.9, 25.95, -2.75], "rotation": [-27.5, 0, 15], "uv": [197, 44]},
						{"origin": [6.5, 16.95, -16.75], "size": [9, 16, 15], "uv": [0, 74]},
						{"origin": [14.9, 37.95, -10.75], "size": [0, 8, 5], "pivot": [9.9, 25.95, -2.75], "rotation": [-27.5, 0, 15], "uv": [87, 0]},
						{"origin": [16, 21.95, -0.25], "size": [1, 16, 5], "pivot": [16.5, 29.95, 2.25], "rotation": [-82.5, 15, 0], "uv": [133, 185]},
						{"origin": [17.2, 36.95, 0.55], "size": [0, 14, 5], "pivot": [16.7, 29.95, 3.05], "rotation": [-82.5, 15, 0], "uv": [145, 193]},
						{"origin": [16.4, 16.95, -0.25], "size": [1, 16, 5], "pivot": [16.9, 24.95, 2.25], "rotation": [-90, 15, 0], "uv": [36, 184]},
						{"origin": [17.4, 32.95, -0.25], "size": [0, 14, 5], "pivot": [16.9, 24.95, 2.25], "rotation": [-90, 15, 0], "uv": [187, 189]},
						{"origin": [15.9, 11.95, -0.25], "size": [1, 16, 5], "pivot": [16.4, 19.95, 2.25], "rotation": [-97.5, 15, 0], "uv": [24, 184]},
						{"origin": [16.9, 27.95, -0.25], "size": [0, 14, 5], "pivot": [16.4, 19.95, 2.25], "rotation": [-97.5, 15, 0], "uv": [88, 186]}
					]
				},
				{
					"name": "bone4",
					"parent": "leg_left",
					"pivot": [11, 15.95, -4.75],
					"rotation": [15, 0, 0],
					"cubes": [
						{"origin": [7.5, 7.95, -7.75], "size": [7, 9, 6], "uv": [0, 159]},
						{"origin": [8, 4.65, -8.75], "size": [6, 5, 6], "pivot": [11, 7.15, -5.75], "rotation": [-27.5, 0, 0], "uv": [77, 180]}
					]
				},
				{
					"name": "l_foot",
					"parent": "leg_left",
					"pivot": [11.5, 6.05, -3.8],
					"rotation": [12.5, 0, 0],
					"cubes": [
						{"origin": [7.5, 1.55, -7.05], "size": [7, 5, 6], "uv": [164, 176]},
						{"origin": [11.5, 0.55, -2.25], "size": [1, 1, 3], "pivot": [12, 1.05, -0.75], "rotation": [-55, 0, 0], "uv": [8, 4]}
					]
				},
				{
					"name": "bone2",
					"parent": "l_foot",
					"pivot": [11, 3.35, -8.75],
					"rotation": [-12.5, 0, 0],
					"cubes": [
						{"origin": [7, 1.35, -10.75], "size": [8, 4, 4], "uv": [184, 128]}
					]
				},
				{
					"name": "bone17",
					"parent": "bone2",
					"pivot": [17, -8.15, -13.65],
					"cubes": [
						{"origin": [12.5, 1.35, -14.75], "size": [3, 3, 4], "uv": [202, 15]},
						{"origin": [13, 1.45, -16.65], "size": [2, 2, 3], "uv": [7, 182]},
						{"origin": [13, 1.45, -17.65], "size": [2, 1, 1], "uv": [12, 55]}
					]
				},
				{
					"name": "bone16",
					"parent": "bone2",
					"pivot": [14, -8.15, -13.65],
					"cubes": [
						{"origin": [9.5, 1.35, -14.75], "size": [3, 3, 4], "uv": [94, 202]},
						{"origin": [10, 1.45, -16.65], "size": [2, 2, 3], "uv": [95, 180]},
						{"origin": [10, 1.45, -17.65], "size": [2, 1, 1], "uv": [6, 55]}
					]
				},
				{
					"name": "bone15",
					"parent": "bone2",
					"pivot": [11, -8.15, -13.65],
					"cubes": [
						{"origin": [6.5, 1.35, -14.75], "size": [3, 3, 4], "uv": [108, 202]},
						{"origin": [7, 1.45, -16.65], "size": [2, 2, 3], "uv": [180, 90]},
						{"origin": [7, 1.45, -17.65], "size": [2, 1, 1], "uv": [0, 55]}
					]
				},
				{
					"name": "r_leg",
					"parent": "body",
					"pivot": [-11.44675, 25.54692, -10.06144],
					"cubes": [
						{"origin": [-14.9, 37.95, -10.75], "size": [0, 8, 5], "pivot": [-9.9, 25.95, -2.75], "rotation": [-27.5, 0, -15], "uv": [60, 0]},
						{"origin": [-14.9, 25.95, -10.75], "size": [1, 12, 5], "pivot": [-9.9, 25.95, -2.75], "rotation": [-27.5, 0, -15], "uv": [175, 189]},
						{"origin": [-17, 21.95, -0.25], "size": [1, 16, 5], "pivot": [-16.5, 29.95, 2.25], "rotation": [-82.5, -15, 0], "uv": [12, 182]},
						{"origin": [-17.2, 36.95, 0.55], "size": [0, 14, 5], "pivot": [-16.7, 29.95, 3.05], "rotation": [-82.5, -15, 0], "uv": [68, 186]},
						{"origin": [-17.4, 32.95, -0.25], "size": [0, 14, 5], "pivot": [-16.9, 24.95, 2.25], "rotation": [-90, -15, 0], "uv": [0, 69]},
						{"origin": [-17.4, 16.95, -0.25], "size": [1, 16, 5], "pivot": [-16.9, 24.95, 2.25], "rotation": [-90, -15, 0], "uv": [0, 182]},
						{"origin": [-16.9, 11.95, -0.25], "size": [1, 16, 5], "pivot": [-16.4, 19.95, 2.25], "rotation": [-97.5, -15, 0], "uv": [101, 181]},
						{"origin": [-16.9, 27.95, -0.25], "size": [0, 14, 5], "pivot": [-16.4, 19.95, 2.25], "rotation": [-97.5, -15, 0], "uv": [78, 186]},
						{"origin": [-15.5, 16.95, -16.75], "size": [9, 16, 15], "uv": [67, 23]}
					]
				},
				{
					"name": "bone3",
					"parent": "r_leg",
					"pivot": [-11, 16.95, -4.75],
					"rotation": [15, 0, 0],
					"cubes": [
						{"origin": [-14.5, 7.95, -7.75], "size": [7, 9, 6], "uv": [158, 122]},
						{"origin": [-14, 4.55, -7.75], "size": [6, 5, 6], "pivot": [-11, 9.05, -4.75], "rotation": [-27.5, 0, 0], "uv": [178, 117]}
					]
				},
				{
					"name": "r_foot",
					"parent": "r_leg",
					"pivot": [-11.5, 5.75, -3.8],
					"rotation": [12.5, 0, 0],
					"cubes": [
						{"origin": [-14.5, 1.25, -7.05], "size": [7, 5, 6], "uv": [174, 106]},
						{"origin": [-12.5, -0.15, -2.25], "size": [1, 1, 3], "pivot": [-12, 0.35, -0.75], "rotation": [-55, 0, 0], "uv": [8, 0]}
					]
				},
				{
					"name": "bone",
					"parent": "r_foot",
					"pivot": [-11, 3.03547, -8.56971],
					"rotation": [-12.5, 0, 0],
					"cubes": [
						{"origin": [-15, 1.03547, -10.56971], "size": [8, 4, 4], "uv": [109, 76]}
					]
				},
				{
					"name": "bone14",
					"parent": "bone",
					"pivot": [-17, -8.46453, -13.46971],
					"cubes": [
						{"origin": [-15.5, 1.03547, -14.56971], "size": [3, 3, 4], "uv": [200, 65]},
						{"origin": [-15, 1.13547, -16.46971], "size": [2, 2, 3], "uv": [87, 0]},
						{"origin": [-15, 1.13547, -17.46971], "size": [2, 1, 1], "uv": [0, 20]}
					]
				},
				{
					"name": "bone13",
					"parent": "bone",
					"pivot": [-14, -8.46453, -13.46971],
					"cubes": [
						{"origin": [-12.5, 1.03547, -14.56971], "size": [3, 3, 4], "uv": [164, 38]},
						{"origin": [-12, 1.13547, -16.46971], "size": [2, 2, 3], "uv": [153, 122]},
						{"origin": [-12, 1.13547, -17.46971], "size": [2, 1, 1], "uv": [6, 20]}
					]
				},
				{
					"name": "bone12",
					"parent": "bone",
					"pivot": [-11, -8.46453, -13.46971],
					"cubes": [
						{"origin": [-9.5, 1.03547, -14.56971], "size": [3, 3, 4], "uv": [200, 8]},
						{"origin": [-9, 1.13547, -16.46971], "size": [2, 2, 3], "uv": [20, 159]},
						{"origin": [-9, 1.13547, -17.46971], "size": [2, 1, 1], "uv": [12, 20]}
					]
				},
				{
					"name": "body2",
					"parent": "body",
					"pivot": [-4, 24.325, -17.9],
					"cubes": [
						{"origin": [-5.5, 35.1, -47.65], "size": [11, 11, 19], "pivot": [-3.5, 35.1, -29.65], "rotation": [-90, 0, 0], "uv": [49, 55]},
						{"origin": [3.75, 44.275, -34.475], "size": [11, 0, 8], "pivot": [5.25, 44.775, -29.975], "rotation": [-90, 5, -40], "uv": [196, 123]},
						{"origin": [2.3, 43.1, -32.25], "size": [2, 1, 4], "pivot": [3.8, 43.6, -29.75], "rotation": [-90, 20, -40], "uv": [55, 50]},
						{"origin": [-14.75, 44.275, -34.475], "size": [11, 0, 8], "pivot": [-5.25, 44.775, -29.975], "rotation": [-90, -5, 40], "uv": [196, 72]},
						{"origin": [-4.3, 43.1, -32.25], "size": [2, 1, 4], "pivot": [-3.8, 43.6, -29.75], "rotation": [-90, -20, 40], "uv": [60, 0]},
						{"origin": [-7.5, 19.325, -36.7], "size": [15, 17, 19], "pivot": [-4.5, 20.325, -18.7], "rotation": [-50, 0, 0], "uv": [0, 38]},
						{"origin": [-9.5, 18.95, -18.75], "size": [19, 16, 22], "uv": [0, 0]},
						{"origin": [0, 6.325, -19.9], "size": [0, 17, 8], "pivot": [-4, 24.325, -17.9], "rotation": [-50, 0, 0], "uv": [0, 30]}
					]
				},
				{
					"name": "neck",
					"parent": "body2",
					"pivot": [0, 53.46667, -24.43056],
					"cubes": [
						{"origin": [-3.5, 68, -30.25], "size": [7, 0, 4], "pivot": [0, 68, -28.25], "rotation": [-72.5, 0, 0], "uv": [29, 74]},
						{"origin": [4.1, 64.5, -26.15], "size": [0, 7, 4], "pivot": [4.1, 68, -24.15], "rotation": [-90, 0, 17.5], "uv": [0, 0]},
						{"origin": [-3.5, 56.1, -41.65], "size": [7, 7, 13], "pivot": [-3.5, 54.1, -29.65], "rotation": [-90, 0, 0], "uv": [60, 0]},
						{"origin": [-4, 62.1, -33.15], "size": [8, 8, 4], "pivot": [-3, 60.1, -30.15], "rotation": [-90, 0, 0], "uv": [180, 69]},
						{"origin": [-4.5, 55.1, -32.65], "size": [9, 9, 4], "pivot": [-3.5, 54.1, -29.65], "rotation": [-90, 0, 0], "uv": [112, 173]},
						{"origin": [-4.1, 64.5, -26.15], "size": [0, 7, 4], "pivot": [-4.1, 68, -24.15], "rotation": [-90, 0, -17.5], "uv": [59, 34]},
						{"origin": [-3.5, 68, -22.075], "size": [7, 0, 4], "pivot": [0, 68, -20.075], "rotation": [-107.5, 0, 0], "uv": [0, 16]}
					]
				},
				{
					"name": "neck_2",
					"parent": "neck",
					"pivot": [0, 66.7, -23.4],
					"cubes": [
						{"origin": [-3, 73.1, -36.15], "size": [6, 6, 8], "pivot": [-2, 69.1, -31.15], "rotation": [-90, 0, 0], "uv": [204, 82]},
						{"origin": [-1.5, 68.3, -27.65], "size": [3, 6, 2], "pivot": [0, 71.3, -26.65], "rotation": [-155, 0, 0], "uv": [15, 203]}
					]
				},
				{
					"name": "head",
					"parent": "neck",
					"pivot": [-4.1, 75.6, -24.45],
					"cubes": [
						{"origin": [4.1, 73.2, -24.95], "size": [0, 6, 5], "pivot": [4.1, 76.2, -22.45], "rotation": [-65.1638, 2.95228, -18.84978], "uv": [90, 80]},
						{"origin": [2.625, 76.8, -27.25], "size": [1, 1, 3], "pivot": [3.125, 77.3, -25.25], "rotation": [-141.5, 0, 0], "uv": [7, 85]},
						{"origin": [2.6, 77.8, -24.15], "size": [1, 1, 1], "pivot": [3.1, 78.3, -24.15], "rotation": [180, 0, 0], "uv": [18, 20]},
						{"origin": [2.6, 85.125, -36.15], "size": [1, 3, 2], "pivot": [3.6, 78.125, -35.15], "rotation": [-90, 0, 0], "uv": [90, 54]},
						{"origin": [-3.5, 77.1, -36.15], "size": [7, 11, 6], "pivot": [-3.5, 75.1, -31.15], "rotation": [-90, 0, 0], "uv": [21, 205]},
						{"origin": [-2.5, 71.125, -36.15], "size": [5, 7, 4], "pivot": [-2, 75.125, -32.15], "rotation": [-90, 0, 0], "uv": [181, 11]},
						{"origin": [-3.6, 85.125, -36.15], "size": [1, 3, 2], "pivot": [-3.6, 78.125, -35.15], "rotation": [-90, 0, 0], "uv": [33, 78]},
						{"origin": [-3.625, 77.875, -27.9], "size": [1, 1, 2], "pivot": [-3.125, 78.375, -26.9], "rotation": [-90, -5, 0], "uv": [82, 20]},
						{"origin": [-3.6, 77.8, -24.15], "size": [1, 1, 1], "pivot": [-3.1, 78.3, -24.15], "rotation": [180, 0, 0], "uv": [55, 55]},
						{"origin": [-3.625, 76.8, -27.25], "size": [1, 1, 3], "pivot": [-3.125, 77.3, -25.25], "rotation": [-141.5, 0, 0], "uv": [0, 0]},
						{"origin": [-4.1, 73.2, -24.95], "size": [0, 6, 5], "pivot": [-4.1, 76.2, -22.45], "rotation": [-65.1638, -2.95228, 18.84978], "uv": [48, 84]},
						{"origin": [-2.2, 79.425, -25.65], "size": [0, 5, 4], "pivot": [-2.2, 81.925, -23.65], "rotation": [-90, -16, 20], "uv": [59, 41]},
						{"origin": [2.2, 79.425, -25.65], "size": [0, 5, 4], "pivot": [2.2, 81.925, -23.65], "rotation": [-90, 16, -20], "uv": [0, 7]},
						{"origin": [2.625, 77.875, -27.9], "size": [1, 1, 2], "pivot": [3.125, 78.375, -26.9], "rotation": [-90, 5, 0], "uv": [49, 54]},
						{"origin": [-2.1, 74.91213, -34.68511], "size": [0, 1, 1], "pivot": [-2.1, 75.41213, -34.18511], "rotation": [-135, 0, 0], "uv": [0, 0]},
						{"origin": [2.1, 74.91213, -34.68511], "size": [0, 1, 1], "pivot": [2.1, 75.41213, -34.18511], "rotation": [-135, 0, 0], "uv": [0, 0]}
					]
				},
				{
					"name": "lower_jaw",
					"parent": "head",
					"pivot": [0, 74.76644, -27.5763],
					"rotation": [2.5, 0, 0],
					"cubes": [
						{"origin": [-2, 69.55, -30.6], "size": [4, 8, 2], "pivot": [-0.5, 74.55, -29.6], "rotation": [-102.5, 0, 0], "uv": [135, 76]},
						{"origin": [1.9, 75.61213, -33.88511], "size": [0, 1, 1], "pivot": [1.9, 76.11213, -33.38511], "rotation": [-150, 0, 0], "uv": [0, 1]},
						{"origin": [-1.9, 75.61213, -33.88511], "size": [0, 1, 1], "pivot": [-1.9, 76.11213, -33.38511], "rotation": [-150, 0, 0], "uv": [0, 1]}
					]
				},
				{
					"name": "head_tail_l",
					"parent": "head",
					"pivot": [3.13636, 79.55455, -29.40909],
					"rotation": [7.52832, 4.95712, 0.65426],
					"cubes": [
						{"origin": [2, 83.6, -35.5], "size": [2, 3, 2], "pivot": [-2, 79.6, -34.5], "rotation": [-90, 0, 0], "uv": [139, 38]},
						{"origin": [1.525, 82.1, -32.8], "size": [3, 4, 3], "pivot": [-2.475, 79.1, -30.8], "rotation": [-90, 0, 0], "uv": [204, 0]}
					]
				},
				{
					"name": "bone5",
					"parent": "head_tail_l",
					"pivot": [3.025, 81.1, -23.8],
					"cubes": [
						{"origin": [1.525, 83.1, -29.8], "size": [3, 3, 4], "pivot": [-2.475, 79.1, -27.8], "rotation": [-90, 0, 0], "uv": [0, 203]}
					]
				},
				{
					"name": "bone6",
					"parent": "bone5",
					"pivot": [3.275, 81.15, -20.7],
					"cubes": [
						{"origin": [1.275, 83.35, -26.8], "size": [4, 3, 6], "pivot": [-2.725, 79.35, -24.8], "rotation": [-90, 0, 0], "uv": [194, 100]}
					]
				},
				{
					"name": "bone7",
					"parent": "bone6",
					"pivot": [3.275, 78.35, -17.8],
					"cubes": [
						{"origin": [0.775, 82.85, -24.8], "size": [5, 8, 7], "pivot": [-3.225, 78.85, -21.8], "rotation": [-90, 0, 0], "uv": [173, 38]}
					]
				},
				{
					"name": "bone8",
					"parent": "bone7",
					"pivot": [3.275, 78.85, -9.8],
					"cubes": [
						{"origin": [1.275, 82.85, -16.8], "size": [4, 7, 6], "pivot": [-2.725, 78.85, -13.8], "rotation": [-90, 0, 0], "uv": [145, 185]}
					]
				},
				{
					"name": "bone9",
					"parent": "bone8",
					"pivot": [3.275, 79.45, -2.8],
					"cubes": [
						{"origin": [1.775, 82.85, -9.8], "size": [3, 6, 5], "pivot": [-2.225, 78.85, -6.8], "rotation": [-90, 0, 0], "uv": [197, 194]}
					]
				},
				{
					"name": "bone10",
					"parent": "bone9",
					"pivot": [3.275, 79.85, 3.2],
					"cubes": [
						{"origin": [2.275, 82.85, -3.8], "size": [2, 6, 4], "pivot": [-1.725, 78.85, -0.8], "rotation": [-90, 0, 0], "uv": [155, 199]}
					]
				},
				{
					"name": "bone11",
					"parent": "bone10",
					"pivot": [3.025, 80.35, 9.2],
					"cubes": [
						{"origin": [2.025, 82.85, 2.2], "size": [2, 6, 3], "pivot": [-1.975, 78.85, 5.2], "rotation": [-90, 0, 0], "uv": [167, 203]}
					]
				},
				{
					"name": "bone18",
					"parent": "bone11",
					"pivot": [3.025, 81.85, 15.2],
					"cubes": [
						{"origin": [3.025, 82.85, 8.2], "size": [0, 4, 2], "pivot": [-1.975, 78.85, 11.2], "rotation": [-90, 0, 0], "uv": [10, 72]}
					]
				},
				{
					"name": "bone19",
					"parent": "bone18",
					"pivot": [3.025, 81.85, 19.2],
					"cubes": [
						{"origin": [3.025, 82.85, 12.2], "size": [0, 4, 2], "pivot": [-1.975, 78.85, 15.2], "rotation": [-90, 0, 0], "uv": [63, 48]}
					]
				},
				{
					"name": "head_tail_r",
					"parent": "head",
					"pivot": [-2.72727, 79.55455, -29.40909],
					"rotation": [7.52832, -4.95712, -0.65426],
					"cubes": [
						{"origin": [-4, 83.6, -35.5], "size": [2, 3, 2], "pivot": [-8, 79.6, -34.5], "rotation": [-90, 0, 0], "uv": [107, 54]},
						{"origin": [-4.475, 82.1, -32.8], "size": [3, 4, 3], "pivot": [-8.475, 79.1, -30.8], "rotation": [-90, 0, 0], "uv": [70, 177]}
					]
				},
				{
					"name": "bone20",
					"parent": "head_tail_r",
					"pivot": [-2.975, 81.1, -23.8],
					"cubes": [
						{"origin": [-4.475, 83.1, -29.8], "size": [3, 3, 4], "pivot": [-8.475, 79.1, -27.8], "rotation": [-90, 0, 0], "uv": [122, 202]}
					]
				},
				{
					"name": "bone21",
					"parent": "bone20",
					"pivot": [-2.725, 81.1, -20.8],
					"cubes": [
						{"origin": [-4.725, 83.35, -26.8], "size": [4, 3, 6], "pivot": [-8.725, 79.35, -24.8], "rotation": [-90, 0, 0], "uv": [190, 90]}
					]
				},
				{
					"name": "bone22",
					"parent": "bone21",
					"pivot": [-2.725, 78.35, -17.8],
					"cubes": [
						{"origin": [-5.225, 82.85, -24.8], "size": [5, 8, 7], "pivot": [-9.225, 78.85, -21.8], "rotation": [-90, 0, 0], "uv": [90, 54]}
					]
				},
				{
					"name": "bone23",
					"parent": "bone22",
					"pivot": [-2.725, 78.85, -9.8],
					"cubes": [
						{"origin": [-4.725, 82.85, -16.8], "size": [4, 7, 6], "pivot": [-8.725, 78.85, -13.8], "rotation": [-90, 0, 0], "uv": [184, 181]}
					]
				},
				{
					"name": "bone24",
					"parent": "bone23",
					"pivot": [-2.725, 79.85, -2.8],
					"cubes": [
						{"origin": [-4.225, 82.85, -9.8], "size": [3, 6, 5], "pivot": [-8.225, 78.85, -6.8], "rotation": [-90, 0, 0], "uv": [196, 112]}
					]
				},
				{
					"name": "bone25",
					"parent": "bone24",
					"pivot": [-2.725, 79.85, 3.2],
					"cubes": [
						{"origin": [-3.725, 82.85, -3.8], "size": [2, 6, 4], "pivot": [-7.725, 78.85, -0.8], "rotation": [-90, 0, 0], "uv": [198, 177]}
					]
				},
				{
					"name": "bone26",
					"parent": "bone25",
					"pivot": [-2.475, 80.35, 9.2],
					"cubes": [
						{"origin": [-3.475, 82.85, 2.2], "size": [2, 6, 3], "pivot": [-7.475, 78.85, 5.2], "rotation": [-90, 0, 0], "uv": [139, 63]}
					]
				},
				{
					"name": "bone27",
					"parent": "bone26",
					"pivot": [-2.475, 80.85, 15.2],
					"cubes": [
						{"origin": [-2.475, 82.85, 8.2], "size": [0, 4, 2], "pivot": [-7.475, 78.85, 11.2], "rotation": [-90, 0, 0], "uv": [18, 14]}
					]
				},
				{
					"name": "bone28",
					"parent": "bone27",
					"pivot": [-2.475, 80.85, 19.2],
					"cubes": [
						{"origin": [-2.475, 82.85, 12.2], "size": [0, 4, 2], "pivot": [-7.475, 78.85, 15.2], "rotation": [-90, 0, 0], "uv": [0, 14]}
					]
				},
				{
					"name": "wing_right",
					"parent": "body2",
					"pivot": [-4.00453, 51.95833, -23.70389],
					"rotation": [0, 0, 32.5],
					"cubes": [
						{"origin": [-11.24778, 42.5, -49.46925], "size": [8, 4, 4], "pivot": [-6, 35.5, -32.65], "rotation": [-90, 0, 0], "uv": [3, 174]}
					]
				},
				{
					"name": "wing_r1",
					"parent": "wing_right",
					"pivot": [-12, 53.5, -23.55],
					"rotation": [0, 0, -32.5],
					"cubes": [
						{"origin": [-19, 42.5, -49.15], "size": [7, 4, 4], "pivot": [-13, 35.5, -32.55], "rotation": [-90, 0, 0], "uv": [188, 141]}
					]
				},
				{
					"name": "wing_r2",
					"parent": "wing_r1",
					"pivot": [-19, 49.5, -23.95],
					"rotation": [0, 0, 32.5],
					"cubes": [
						{"origin": [-30.24778, 42.5, -49.26925], "size": [12, 4, 4], "pivot": [-21, 35.5, -32.45], "rotation": [-90, 0, 0], "uv": [139, 114]},
						{"origin": [-30.24778, 40.5, -45.26925], "size": [12, 38, 0], "pivot": [-19, 33.5, -28.45], "rotation": [-90, 0, 0], "uv": [105, 0]}
					]
				},
				{
					"name": "wing_r3",
					"parent": "wing_r2",
					"pivot": [-31, 51.5, -23.16667],
					"rotation": [0, 0, -20],
					"cubes": [
						{"origin": [-42.69698, 42.5, -48.78319], "size": [12, 4, 4], "pivot": [-33, 35.5, -32.15], "rotation": [-90, 0, 0], "uv": [160, 137]},
						{"origin": [-42.69698, 41, -44.83319], "size": [12, 8, 1], "pivot": [-33, 34, -28.2], "rotation": [-90, 0, 0], "uv": [178, 25]},
						{"origin": [-42.69698, 40.5, -44.78319], "size": [12, 38, 0], "pivot": [-26, 33.5, -28.15], "rotation": [-90, 0, 0], "uv": [48, 111]}
					]
				},
				{
					"name": "wing_r4",
					"parent": "wing_r3",
					"pivot": [-43, 51.5, -22.96667],
					"rotation": [0, 0, -5],
					"cubes": [
						{"origin": [-54.81726, 42.5, -48.66198], "size": [12, 4, 4], "pivot": [-45, 35.5, -32.05], "rotation": [-90, 0, 0], "uv": [150, 30]},
						{"origin": [-54.81726, 40.5, -44.66198], "size": [12, 38, 0], "pivot": [-42, 33.5, -28.05], "rotation": [-90, 0, 0], "uv": [24, 105]},
						{"origin": [-54.81726, 41.5, -44.91198], "size": [12, 9, 2], "pivot": [-45, 34.5, -28.3], "rotation": [-90, 0, 0], "uv": [26, 165]}
					]
				},
				{
					"name": "wing_r5",
					"parent": "wing_r4",
					"pivot": [-55, 52.28571, -23.31381],
					"rotation": [0, 0, -7.5],
					"cubes": [
						{"origin": [-74, 45.5, -13], "size": [13, 10, 2], "pivot": [-67.5, 51.5, -13.4], "rotation": [-90, 37.5, 0], "uv": [150, 78]},
						{"origin": [-66, 41, -49], "size": [11, 12, 3], "pivot": [-58, 34, -31.4], "rotation": [-90, 0, 0], "uv": [150, 15]},
						{"origin": [-65, 42, -50], "size": [10, 5, 5], "pivot": [-57, 35, -32.4], "rotation": [-90, 0, 0], "uv": [150, 102]},
						{"origin": [-67, 40.5, -44.75], "size": [12, 38, 0], "pivot": [-54, 33.5, -28.15], "rotation": [-90, 0, 0], "uv": [0, 105]},
						{"origin": [-77, 40.5, -37.75], "size": [10, 31, 0], "pivot": [-66, 33.5, -21.15], "rotation": [-90, 0, 0], "uv": [120, 142]},
						{"origin": [-64, 48, -46.5], "size": [8, 4, 1], "pivot": [-56, 40, -32.9], "rotation": [-90, 0, 0], "uv": [90, 69]}
					]
				},
				{
					"name": "r_fing1",
					"parent": "wing_r5",
					"pivot": [-56.25, 49.6, -25.4],
					"cubes": [
						{"origin": [-57.25, 43, -55], "size": [2, 2, 2], "pivot": [-49.25, 33, -37.4], "rotation": [-90, 0, 0], "uv": [0, 143]},
						{"origin": [-56.25, 43, -57], "size": [0, 2, 2], "pivot": [-50.25, 33, -39.4], "rotation": [-90, 0, 0], "uv": [8, 12]}
					]
				},
				{
					"name": "r_fing2",
					"parent": "wing_r5",
					"pivot": [-58.5, 51.6, -25.4],
					"cubes": [
						{"origin": [-59.5, 45, -55], "size": [2, 2, 2], "pivot": [-51.5, 35, -37.4], "rotation": [-90, 0, 0], "uv": [139, 72]},
						{"origin": [-58.5, 44, -58], "size": [0, 2, 2], "pivot": [-51.5, 34, -39.4], "rotation": [-90, 0, 0], "uv": [12, 8]}
					]
				},
				{
					"name": "r_fing3",
					"parent": "wing_r5",
					"pivot": [-61, 51.6, -25.4],
					"cubes": [
						{"origin": [-62, 45, -55], "size": [2, 2, 2], "pivot": [-54, 35, -37.4], "rotation": [-90, 0, 0], "uv": [139, 43]},
						{"origin": [-61, 44, -58], "size": [0, 2, 2], "pivot": [-55, 34, -39.4], "rotation": [-90, 0, 0], "uv": [12, 10]}
					]
				},
				{
					"name": "r_fing4",
					"parent": "wing_r5",
					"pivot": [-63.5, 51.6, -25.4],
					"cubes": [
						{"origin": [-64.5, 45, -55], "size": [2, 2, 2], "pivot": [-56.5, 35, -37.4], "rotation": [-90, 0, 0], "uv": [90, 91]},
						{"origin": [-63.5, 44, -58], "size": [0, 2, 2], "pivot": [-57.5, 34, -39.4], "rotation": [-90, 0, 0], "uv": [12, 12]}
					]
				},
				{
					"name": "wing_left",
					"parent": "body2",
					"pivot": [3.94821, 51.97826, -23.56493],
					"rotation": [0, 0, -32.5],
					"cubes": [
						{"origin": [3.24778, 42.5, -49.46925], "size": [8, 4, 4], "pivot": [6, 35.5, -32.65], "rotation": [-90, 0, 0], "uv": [30, 176]}
					]
				},
				{
					"name": "wing_l1",
					"parent": "wing_left",
					"pivot": [12, 53.5, -23.55],
					"rotation": [0, 0, 32.5],
					"cubes": [
						{"origin": [12, 42.5, -49.15], "size": [7, 4, 4], "pivot": [13, 35.5, -32.55], "rotation": [-90, 0, 0], "uv": [189, 151]}
					]
				},
				{
					"name": "wing_l2",
					"parent": "wing_l1",
					"pivot": [19, 49.5, -23.875],
					"rotation": [0, 0, -32.5],
					"cubes": [
						{"origin": [18.24778, 40.5, -45.19425], "size": [12, 38, 0], "pivot": [19, 33.5, -28.375], "rotation": [-90, 0, 0], "uv": [100, 85]},
						{"origin": [18.24778, 42.5, -49.19425], "size": [12, 4, 4], "pivot": [21, 35.5, -32.375], "rotation": [-90, 0, 0], "uv": [139, 55]}
					]
				},
				{
					"name": "wing_l3",
					"parent": "wing_l2",
					"pivot": [31, 51.5, -23.43333],
					"rotation": [0, 0, 20],
					"cubes": [
						{"origin": [30.69698, 42.5, -48.98319], "size": [12, 4, 4], "pivot": [33, 35.5, -32.35], "rotation": [-90, 0, 0], "uv": [88, 161]},
						{"origin": [30.69698, 40.5, -44.98319], "size": [12, 38, 0], "pivot": [26, 33.5, -28.35], "rotation": [-90, 0, 0], "uv": [96, 123]},
						{"origin": [30.69698, 41, -45.23319], "size": [12, 8, 1], "pivot": [33, 34, -28.6], "rotation": [-90, 0, 0], "uv": [180, 81]}
					]
				},
				{
					"name": "wing_l4",
					"parent": "wing_l3",
					"pivot": [43, 51.5, -23.24167],
					"rotation": [0, 0, 5],
					"cubes": [
						{"origin": [42.81726, 40.5, -44.93698], "size": [12, 38, 0], "pivot": [42, 33.5, -28.325], "rotation": [-90, 0, 0], "uv": [115, 38]},
						{"origin": [42.81726, 41.5, -48.18698], "size": [12, 12, 2], "pivot": [45, 34.5, -31.575], "rotation": [-90, 0, 0], "uv": [84, 169]},
						{"origin": [42.81726, 42.5, -48.93698], "size": [12, 4, 4], "pivot": [45, 35.5, -32.325], "rotation": [-90, 0, 0], "uv": [160, 155]}
					]
				},
				{
					"name": "wing_l5",
					"parent": "wing_l4",
					"pivot": [55.03634, 52.28571, -24.68881],
					"rotation": [0, 0, 7.5],
					"cubes": [
						{"origin": [55, 42, -50.375], "size": [10, 5, 5], "pivot": [57, 35, -32.775], "rotation": [-90, 0, 0], "uv": [160, 145]},
						{"origin": [56, 48, -46.875], "size": [8, 4, 1], "pivot": [56, 40, -33.275], "rotation": [-90, 0, 0], "uv": [184, 176]},
						{"origin": [55, 40.5, -45.125], "size": [12, 38, 0], "pivot": [54, 33.5, -28.525], "rotation": [-90, 0, 0], "uv": [72, 111]},
						{"origin": [61, 45.5, -13.375], "size": [13, 10, 2], "pivot": [67.5, 51.5, -13.775], "rotation": [-90, -37.5, 0], "uv": [150, 90]},
						{"origin": [67, 40.5, -38.125], "size": [10, 31, 0], "pivot": [66, 33.5, -21.525], "rotation": [-90, 0, 0], "uv": [140, 142]},
						{"origin": [55, 41, -49.375], "size": [11, 12, 3], "pivot": [58, 34, -31.775], "rotation": [-90, 0, 0], "uv": [150, 63]}
					]
				},
				{
					"name": "l_fing1",
					"parent": "wing_l5",
					"pivot": [56.25, 49.6, -25.775],
					"cubes": [
						{"origin": [55.25, 43, -55.375], "size": [2, 2, 2], "pivot": [49.25, 33, -37.775], "rotation": [-90, 0, 0], "uv": [0, 147]},
						{"origin": [56.25, 42, -58.375], "size": [0, 2, 2], "pivot": [49.25, 32, -39.775], "rotation": [-90, 0, 0], "uv": [12, 6]}
					]
				},
				{
					"name": "l_fing2",
					"parent": "wing_l5",
					"pivot": [58.5, 51.6, -25.775],
					"cubes": [
						{"origin": [57.5, 45, -55.375], "size": [2, 2, 2], "pivot": [51.5, 35, -37.775], "rotation": [-90, 0, 0], "uv": [53, 149]},
						{"origin": [58.5, 44, -58.375], "size": [0, 2, 2], "pivot": [51.5, 34, -39.775], "rotation": [-90, 0, 0], "uv": [8, 10]}
					]
				},
				{
					"name": "l_fing3",
					"parent": "wing_l5",
					"pivot": [61, 51.6, -25.775],
					"cubes": [
						{"origin": [60, 45, -55.375], "size": [2, 2, 2], "pivot": [54, 35, -37.775], "rotation": [-90, 0, 0], "uv": [32, 152]},
						{"origin": [61, 44, -58.375], "size": [0, 2, 2], "pivot": [54, 34, -39.775], "rotation": [-90, 0, 0], "uv": [8, 8]}
					]
				},
				{
					"name": "l_fing4",
					"parent": "wing_l5",
					"pivot": [63.5, 51.6, -25.775],
					"cubes": [
						{"origin": [62.5, 50.6, -27.775], "size": [2, 2, 2], "pivot": [63.5, 51.6, -26.775], "rotation": [-90, 0, 0], "uv": [53, 153]},
						{"origin": [63.5, 44, -58.375], "size": [0, 2, 2], "pivot": [56.5, 34, -39.775], "rotation": [-90, 0, 0], "uv": [8, 6]}
					]
				},
				{
					"name": "tail",
					"parent": "body2",
					"pivot": [0, 30.45, 3.58333],
					"cubes": [
						{"origin": [-6, 24.45, 11.25], "size": [12, 12, 3], "uv": [150, 0]},
						{"origin": [-7, 23.45, 14.25], "size": [14, 14, 5], "uv": [120, 123]},
						{"origin": [-6, 24.45, 19.25], "size": [12, 12, 3], "uv": [62, 149]},
						{"origin": [-8, 22.45, 22.25], "size": [16, 16, 10], "uv": [48, 85]},
						{"origin": [8, 22.45, 32.25], "size": [0, 16, 5], "uv": [165, 182]},
						{"origin": [0, 30.45, 32.25], "size": [0, 16, 5], "pivot": [0, 38.45, 34.75], "rotation": [0, 0, 90], "uv": [49, 33]},
						{"origin": [0, 14.45, 32.25], "size": [0, 16, 5], "pivot": [0, 22.45, 34.75], "rotation": [0, 0, 90], "uv": [113, 181]},
						{"origin": [-8, 22.45, 32.25], "size": [0, 16, 5], "uv": [123, 181]},
						{"origin": [-5, 25.45, 32.25], "size": [10, 10, 1], "uv": [186, 163]},
						{"origin": [-3.5, 26.95, 9.25], "size": [7, 7, 2], "uv": [162, 163]},
						{"origin": [-4, 26.45, 3.25], "size": [8, 8, 2], "uv": [190, 34]},
						{"origin": [-4.5, 25.95, 5.25], "size": [9, 9, 4], "uv": [58, 164]}
					]
				},
				{
					"name": "tail1",
					"parent": "tail",
					"pivot": [0, 30.45, 32.75],
					"cubes": [
						{"origin": [-4, 26.45, 33.25], "size": [8, 8, 9], "uv": [139, 38]}
					]
				},
				{
					"name": "tail2",
					"parent": "tail1",
					"pivot": [0, 30.45, 42.25],
					"cubes": [
						{"origin": [-3.5, 26.95, 42.25], "size": [7, 7, 9], "uv": [0, 143]}
					]
				},
				{
					"name": "tail3",
					"parent": "tail2",
					"pivot": [0, 30.45, 51.25],
					"cubes": [
						{"origin": [-3, 26.95, 51.25], "size": [6, 7, 9], "uv": [32, 149]}
					]
				},
				{
					"name": "tail4",
					"parent": "tail3",
					"pivot": [0, 30.95, 60.25],
					"cubes": [
						{"origin": [-2.5, 27.95, 60.25], "size": [5, 6, 7], "uv": [53, 177]}
					]
				},
				{
					"name": "tail5",
					"parent": "tail4",
					"pivot": [0, 31.95, 67.25],
					"cubes": [
						{"origin": [-2, 29.95, 67.25], "size": [4, 4, 7], "uv": [175, 95]}
					]
				},
				{
					"name": "tail6",
					"parent": "tail5",
					"pivot": [0, 31.95, 74.25],
					"cubes": [
						{"origin": [-1.5, 29.95, 74.25], "size": [3, 4, 7], "uv": [34, 78]}
					]
				}
			]
		}
	]
}