{
    "enabled": true,
    "neededInstalledMods": [],
    "neededUninstalledMods": [],
    "spawns": [
        {
            "id": "cubone-twilight-1",
            "pokemon": "cubone twilight",
            "presets": [
                "druid_hut"
            ],
            "type": "pokemon",
            "context": "grounded",
            "bucket": "common",
            "level": "7-20",
            "weight": 100.0
        },
        {
            "id": "cubone-twilight-2",
            "pokemon": "cubone twilight",
            "presets": [
                "lich_tower"
            ],
            "type": "pokemon",
            "context": "grounded",
            "bucket": "common",
            "level": "7-20",
            "weight": 100.0,
            "condition": {
                "canSeeSky": false
            }
        },
        {
            "id": "cubone-twilight-3",
            "pokemon": "cubone twilight",
            "presets": [
                "natural"
            ],
            "type": "pokemon",
            "context": "grounded",
            "bucket": "common",
            "level": "7-22",
            "weight": 10.0,
            "condition": {
                "biomes": [
                    "twilightforest:spooky_forest"
                ]
            }
        },
        {
            "id": "cubone-twilight-4",
            "pokemon": "cubone twilight",
            "presets": [
                "natural"
            ],
            "type": "pokemon",
            "context": "grounded",
            "bucket": "uncommon",
            "level": "30-42",
            "weight": 10.0,
            "condition": {
                "biomes": [
                    "twilightforest:dark_forest"
                ]
            }
        }
    ]
}