{
    "enabled": true,
    "neededInstalledMods": [],
    "neededUninstalledMods": [],
    "spawns": [
        {
            "id": "gallade-twilight-1",
            "pokemon": "gallade twilight",
            "presets": [
                "knight_stronghold"
            ],
            "type": "pokemon",
            "context": "grounded",
            "bucket": "common",
            "level": "40-50",
            "weight": 10.0,
            "condition": {
                "canSeeSky": false,
                "biomes": [
                    "twilightforest:underground"
                ]
            }
        },
        {
            "id": "gallade-twilight-2",
            "pokemon": "gallade twilight",
            "presets": [
                "natural"
            ],
            "type": "pokemon",
            "context": "grounded",
            "bucket": "uncommon",
            "level": "40-50",
            "weight": 10.0,
            "condition": {
                "canSeeSky": false,
                "biomes": [
                    "twilightforest:dark_forest"
                ]
            }
        }
    ]
}