{
    "enabled": true,
    "neededInstalledMods": [],
    "neededUninstalledMods": [],
    "spawns": [
        {
            "id": "fidough-twilight-1",
            "pokemon": "fidough twilight",
            "presets": [
                "dark_tower"
            ],
            "type": "pokemon",
            "context": "grounded",
            "bucket": "common",
            "level": "30-50",
            "weight": 10.0,
            "condition": {
                "canSeeSky": false,
                "biomes": [
                    "twilightforest:dark_forest_center"
                ]
            }
        }
    ]
}