{
  "target": "cobblemon:crustle",
  "implemented": true,
  "name": "Crustle",
  "features": ["twilight"],
  "nationalPokedexNumber": 558,
  "primaryType": "bug",
  "secondaryType": "rock",
  "abilities": [
    "sturdy",
    "shellarmor",
    "h:weakarmor"
  ],
  "drops": {
    "amount": 1,
    "entries": [
      {
        "item": "cobblemon:hard_stone",
        "percentage": 5.0
      }
    ]
  },
  "baseStats": {
    "hp": 70,
    "attack": 105,
    "defence": 125,
    "special_attack": 65,
    "special_defence": 75,
    "speed": 45
  },
  "catchRate": 75,
  "maleRatio": 0.5,
  "shoulderMountable": false,
  "forms": [
    {
      "name": "Crustle Underbrick",
      "primaryType": "bug",
      "secondaryType": "rock",
      "abilities": [
        "sturdy",
        "shellarmor",
        "h:weakarmor"
      ],
      "drops": {
        "amount": 3,
        "entries": [
          {
            "item": "twilightforest:underbrick",
            "percentage": 95.0
          }
        ]
      },
      "baseStats": {
        "hp": 70,
        "attack": 105,
        "defence": 75,
        "special_attack": 65,
        "special_defence": 125,
        "speed": 45
      },
      "catchRate": 75,
      "maleRatio": 0.5,
      "shoulderMountable": false,
      "baseExperienceYield": 170,
      "experienceGroup": "medium_fast",
      "eggCycles": 20,
      "eggGroups": [
        "bug",
        "mineral"
      ],
      "moves": [
        "1:furycutter",
        "1:sandattack",
        "1:smackdown",
        "1:withdraw",
        "12:bugbite",
        "13:feintattack",
        "16:flail",
        "20:slash",
        "24:rockslide",
        "28:stealthrock",
        "32:rockblast",
        "38:xscissor",
        "44:rockpolish",
        "50:shellsmash",
        "56:rockwrecker",
        "tm:aerialace",
        "tm:attract",
        "tm:bodypress",
        "tm:bulldoze",
        "tm:confide",
        "tm:cut",
        "tm:dig",
        "tm:doubleteam",
        "tm:earthquake",
        "tm:endure",
        "tm:facade",
        "tm:frustration",
        "tm:gigaimpact",
        "tm:heavyslam",
        "tm:hiddenpower",
        "tm:honeclaws",
        "tm:hyperbeam",
        "tm:irondefense",
        "tm:naturepower",
        "tm:poisonjab",
        "tm:protect",
        "tm:rest",
        "tm:return",
        "tm:rockblast",
        "tm:rockpolish",
        "tm:rockslide",
        "tm:rocksmash",
        "tm:rocktomb",
        "tm:round",
        "tm:sandstorm",
        "tm:sandtomb",
        "tm:secretpower",
        "tm:shadowclaw",
        "tm:sleeptalk",
        "tm:smackdown",
        "tm:snore",
        "tm:solarbeam",
        "tm:solarblade",
        "tm:spikes",
        "tm:stealthrock",
        "tm:stompingtantrum",
        "tm:stoneedge",
        "tm:strength",
        "tm:strugglebug",
        "tm:substitute",
        "tm:swagger",
        "tm:swordsdance",
        "tm:toxic",
        "tm:xscissor",
        "tutor:block",
        "tutor:bugbite",
        "tutor:counter",
        "tutor:irondefense",
        "tutor:knockoff",
        "tutor:meteorbeam",
        "tutor:nightslash",
        "tutor:rockslide",
        "tutor:skittersmack",
        "tutor:sleeptalk",
        "tutor:snore",
        "tutor:stealthrock",
        "tutor:stompingtantrum"
      ],
      "labels": [
        "gen5"
      ],
      "aspects": [
        "brick-underbrick"
      ],
      "preEvolution": "dwebble brick=underbrick",
      "evolutions": [
        {
          "id": "crustle_transform_mazestone",
          "variant": "item_interact",
          "result": "crustle brick=mazestone",
          "consumeHeldItem": false,
          "learnableMoves": [],
          "requirements": [],
          "requiredContext": "twilightforest:mazestone_brick"
        }
      ],
      "baseScale": 1.3,
      "hitbox": {
        "width": 1.1,
        "height": 1,
        "fixed": false
      },
      "baseFriendship": 50,
      "evYield": {
        "hp": 0,
        "attack": 0,
        "defence": 0,
        "special_attack": 0,
        "special_defence": 2,
        "speed": 0
      },
      "height": 14,
      "weight": 2000,
      "cannotDynamax": false
    },
    {
      "name": "Crustle mazestone",
      "primaryType": "bug",
      "secondaryType": "rock",
      "abilities": [
        "wonderguard"
      ],
      "drops": {
        "amount": 1,
        "entries": [
          {
            "item": "twilightforest:mazestone_brick",
            "percentage": 95.0
          }
        ]
      },
      "baseStats": {
        "hp": 70,
        "attack": 105,
        "defence": 125,
        "special_attack": 65,
        "special_defence": 125,
        "speed": 45
      },
      "catchRate": 75,
      "maleRatio": 0.5,
      "shoulderMountable": false,
      "baseExperienceYield": 170,
      "experienceGroup": "medium_fast",
      "eggCycles": 20,
      "eggGroups": [
        "bug",
        "mineral"
      ],
      "moves": [
        "1:furycutter",
        "1:sandattack",
        "1:smackdown",
        "1:withdraw",
        "12:bugbite",
        "13:feintattack",
        "16:flail",
        "20:slash",
        "24:rockslide",
        "28:stealthrock",
        "32:rockblast",
        "38:xscissor",
        "44:rockpolish",
        "50:shellsmash",
        "56:rockwrecker",
        "tm:aerialace",
        "tm:attract",
        "tm:bodypress",
        "tm:bulldoze",
        "tm:confide",
        "tm:cut",
        "tm:dig",
        "tm:doubleteam",
        "tm:earthquake",
        "tm:endure",
        "tm:facade",
        "tm:frustration",
        "tm:gigaimpact",
        "tm:heavyslam",
        "tm:hiddenpower",
        "tm:honeclaws",
        "tm:hyperbeam",
        "tm:irondefense",
        "tm:naturepower",
        "tm:poisonjab",
        "tm:protect",
        "tm:rest",
        "tm:return",
        "tm:rockblast",
        "tm:rockpolish",
        "tm:rockslide",
        "tm:rocksmash",
        "tm:rocktomb",
        "tm:round",
        "tm:sandstorm",
        "tm:sandtomb",
        "tm:secretpower",
        "tm:shadowclaw",
        "tm:sleeptalk",
        "tm:smackdown",
        "tm:snore",
        "tm:solarbeam",
        "tm:solarblade",
        "tm:spikes",
        "tm:stealthrock",
        "tm:stompingtantrum",
        "tm:stoneedge",
        "tm:strength",
        "tm:strugglebug",
        "tm:substitute",
        "tm:swagger",
        "tm:swordsdance",
        "tm:toxic",
        "tm:xscissor",
        "tutor:block",
        "tutor:bugbite",
        "tutor:counter",
        "tutor:irondefense",
        "tutor:knockoff",
        "tutor:meteorbeam",
        "tutor:nightslash",
        "tutor:rockslide",
        "tutor:skittersmack",
        "tutor:sleeptalk",
        "tutor:snore",
        "tutor:stealthrock",
        "tutor:stompingtantrum"
      ],
      "labels": [
        "gen5"
      ],
      "aspects": [
        "brick-mazestone"
      ],
      "preEvolution": "dwebble",
      "evolutions": [],
      "baseScale": 1.3,
      "hitbox": {
        "width": 1.1,
        "height": 1,
        "fixed": false
      },
      "baseFriendship": 50,
      "evYield": {
        "hp": 0,
        "attack": 0,
        "defence": 1,
        "special_attack": 0,
        "special_defence": 1,
        "speed": 0
      },
      "height": 14,
      "weight": 2000,
      "cannotDynamax": false
    }
  ],
  "baseExperienceYield": 170,
  "experienceGroup": "medium_fast",
  "eggCycles": 20,
  "eggGroups": [
    "bug",
    "mineral"
  ],
  "moves": [
    "1:furycutter",
    "1:sandattack",
    "1:smackdown",
    "1:withdraw",
    "12:bugbite",
    "13:feintattack",
    "16:flail",
    "20:slash",
    "24:rockslide",
    "28:stealthrock",
    "32:rockblast",
    "38:xscissor",
    "44:rockpolish",
    "50:shellsmash",
    "56:rockwrecker",
    "tm:aerialace",
    "tm:attract",
    "tm:bodypress",
    "tm:bulldoze",
    "tm:confide",
    "tm:cut",
    "tm:dig",
    "tm:doubleteam",
    "tm:earthquake",
    "tm:endure",
    "tm:facade",
    "tm:frustration",
    "tm:gigaimpact",
    "tm:heavyslam",
    "tm:hiddenpower",
    "tm:honeclaws",
    "tm:hyperbeam",
    "tm:irondefense",
    "tm:naturepower",
    "tm:poisonjab",
    "tm:protect",
    "tm:rest",
    "tm:return",
    "tm:rockblast",
    "tm:rockpolish",
    "tm:rockslide",
    "tm:rocksmash",
    "tm:rocktomb",
    "tm:round",
    "tm:sandstorm",
    "tm:sandtomb",
    "tm:secretpower",
    "tm:shadowclaw",
    "tm:sleeptalk",
    "tm:smackdown",
    "tm:snore",
    "tm:solarbeam",
    "tm:solarblade",
    "tm:spikes",
    "tm:stealthrock",
    "tm:stompingtantrum",
    "tm:stoneedge",
    "tm:strength",
    "tm:strugglebug",
    "tm:substitute",
    "tm:swagger",
    "tm:swordsdance",
    "tm:toxic",
    "tm:xscissor",
    "tutor:block",
    "tutor:bugbite",
    "tutor:counter",
    "tutor:irondefense",
    "tutor:knockoff",
    "tutor:meteorbeam",
    "tutor:nightslash",
    "tutor:rockslide",
    "tutor:skittersmack",
    "tutor:sleeptalk",
    "tutor:snore",
    "tutor:stealthrock",
    "tutor:stompingtantrum"
  ],
  "labels": [
    "gen5"
  ],
  "pokedex": [
    "cobblemon.species.crustle.desc"
  ],
  "preEvolution": "dwebble",
  "evolutions": [],
  "baseScale": 1.3,
  "hitbox": {
    "width": 1.1,
    "height": 1,
    "fixed": false
  },
  "baseFriendship": 50,
  "evYield": {
    "hp": 0,
    "attack": 0,
    "defence": 2,
    "special_attack": 0,
    "special_defence": 0,
    "speed": 0
  },
  "height": 14,
  "weight": 2000,
  "aspects": [],
  "cannotDynamax": false
}