{
  "target": "cobblemon:golett",
  "features": ["twilight"],
  "implemented": true,
  "name": "Golett",
  "nationalPokedexNumber": 622,
  "primaryType": "ground",
  "secondaryType": "ghost",
  "abilities": [
    "ironfist",
    "klutz",
    "h:noguard"
  ],
  "drops": {
    "amount": 3,
    "entries": [
      {
        "item": "minecraft:clay_ball",
        "quantityRange": "0-1"
      },
      {
        "item": "cobblemon:light_clay",
        "percentage": 2.5
      },
      {
        "item": "cobblemon:colbur_berry",
        "percentage": 2.5
      }
    ]
  },
  "baseStats": {
    "hp": 59,
    "attack": 74,
    "defence": 50,
    "special_attack": 35,
    "special_defence": 50,
    "speed": 35
  },
  "behaviour": {
    "resting": {
      "canSleep": true,
      "willSleepOnBed": false,
      "depth": "normal",
      "light": "0-4"
    }
  },
  "catchRate": 190,
  "maleRatio": -1,
  "shoulderMountable": false,
  "forms": [
    {
      "implemented": true,
      "name": "Twilight Golett",
      "nationalPokedexNumber": 622,
      "primaryType": "electric",
      "secondaryType": "grass",
      "abilities": [
        "ironfist",
        "flashfire",
        "h:noguard"
      ],
      "drops": {
        "amount": 3,
        "entries": [
          {
            "item": "twilightforest:carminite",
            "quantityRange": "1-2"
          },
          {
            "item": "cobblemon:occa_berry",
            "percentage": 2.5
          }
        ]
      },
      "baseStats": {
        "hp": 59,
        "attack": 74,
        "defence": 50,
        "special_attack": 35,
        "special_defence": 50,
        "speed": 35
      },
      "behaviour": {
        "resting": {
          "canSleep": true,
          "willSleepOnBed": false,
          "depth": "normal",
          "light": "0-4"
        }
      },
      "catchRate": 190,
      "maleRatio": -1,
      "shoulderMountable": false,
      "baseExperienceYield": 61,
      "experienceGroup": "medium_fast",
      "eggCycles": 25,
      "eggGroups": [
        "mineral"
      ],
      "moves": [
        "1:strengthsap",
        "1:branchpoke",
        "1:spark",
        "4:defensecurl",
        "8:pound",
        "9:rollout",
        "12:thunderpunch",
        "16:charge",
        "20:needlearm",
        "24:firepunch",
        "28:irondefense",
        "30:megapunch",
        "32:wildcharge",
        "36:woodhammer",
        "40:heavyslam",
        "44:flareblitz",
        "48:hammerarm",
        "52:heatcrash",
        "56:dynamicpunch",
        "61:focuspunch",
        "66:plasmafists",
        "tm:allyswitch",
        "tm:brickbreak",
        "tm:bulldoze",
        "tm:confide",
        "tm:dig",
        "tm:doubleteam",
        "tm:drainpunch",
        "tm:earthpower",
        "tm:earthquake",
        "tm:endure",
        "tm:facade",
        "tm:firepunch",
        "tm:flash",
        "tm:fling",
        "tm:focusblast",
        "tm:frustration",
        "tm:grassknot",
        "tm:gyroball",
        "tm:heavyslam",
        "tm:helpinghand",
        "tm:hiddenpower",
        "tm:icebeam",
        "tm:icepunch",
        "tm:icywind",
        "tm:imprison",
        "tm:irondefense",
        "tm:lowkick",
        "tm:lowsweep",
        "tm:megakick",
        "tm:megapunch",
        "tm:phantomforce",
        "tm:poweruppunch",
        "tm:protect",
        "tm:psychic",
        "tm:raindance",
        "tm:rest",
        "tm:return",
        "tm:rockpolish",
        "tm:rockslide",
        "tm:rocksmash",
        "tm:rocktomb",
        "tm:round",
        "tm:safeguard",
        "tm:secretpower",
        "tm:selfdestruct",
        "tm:shadowball",
        "tm:sleeptalk",
        "tm:snore",
        "tm:stealthrock",
        "tm:stompingtantrum",
        "tm:strength",
        "tm:substitute",
        "tm:superpower",
        "tm:swagger",
        "tm:telekinesis",
        "tm:thief",
        "tm:thunderpunch",
        "tm:toxic",
        "tutor:allyswitch",
        "tutor:block",
        "tutor:drainpunch",
        "tutor:earthpower",
        "tutor:firepunch",
        "tutor:focuspunch",
        "tutor:gravity",
        "tutor:icepunch",
        "tutor:icywind",
        "tutor:irondefense",
        "tutor:lowkick",
        "tutor:magiccoat",
        "tutor:poltergeist",
        "tutor:rollout",
        "tutor:scorchingsands",
        "tutor:shockwave",
        "tutor:signalbeam",
        "tutor:sleeptalk",
        "tutor:snore",
        "tutor:stealthrock",
        "tutor:superpower",
        "tutor:telekinesis",
        "tutor:thunderpunch"
      ],
      "labels": [
        "gen5"
      ],
      "pokedex": [
        "cobblemon.species.golett.desc"
      ],
      "aspects": [
        "twilight"
      ],
      "evolutions": [
        {
          "id": "golett_golurk_twilight",
          "variant": "level_up",
          "result": "golurk form=twilight",
          "consumeHeldItem": false,
          "learnableMoves": [
            "thunderpunch"
          ],
          "requirements": [
            {
              "variant": "level",
              "minLevel": 43
            }
          ]
        }
      ],
      "baseScale": 0.9,
      "hitbox": {
        "width": 0.7,
        "height": 1.3,
        "fixed": false
      },
      "baseFriendship": 50,
      "evYield": {
        "hp": 0,
        "attack": 1,
        "defence": 0,
        "special_attack": 0,
        "special_defence": 0,
        "speed": 0
      },
      "height": 10,
      "weight": 920,
      "cannotDynamax": false
    }
  ],
  "baseExperienceYield": 61,
  "experienceGroup": "medium_fast",
  "eggCycles": 25,
  "eggGroups": [
    "mineral"
  ],
  "moves": [
    "1:astonish",
    "1:mudslap",
    "4:defensecurl",
    "8:pound",
    "9:rollout",
    "12:shadowpunch",
    "16:curse",
    "20:nightshade",
    "24:stompingtantrum",
    "28:irondefense",
    "30:magnitude",
    "32:megapunch",
    "36:shadowball",
    "40:heavyslam",
    "44:phantomforce",
    "48:hammerarm",
    "52:earthquake",
    "56:dynamicpunch",
    "61:focuspunch",
    "tm:allyswitch",
    "tm:brickbreak",
    "tm:bulldoze",
    "tm:confide",
    "tm:dig",
    "tm:doubleteam",
    "tm:drainpunch",
    "tm:earthpower",
    "tm:earthquake",
    "tm:endure",
    "tm:facade",
    "tm:firepunch",
    "tm:flash",
    "tm:fling",
    "tm:focusblast",
    "tm:frustration",
    "tm:grassknot",
    "tm:gyroball",
    "tm:heavyslam",
    "tm:helpinghand",
    "tm:hiddenpower",
    "tm:icebeam",
    "tm:icepunch",
    "tm:icywind",
    "tm:imprison",
    "tm:irondefense",
    "tm:lowkick",
    "tm:lowsweep",
    "tm:megakick",
    "tm:megapunch",
    "tm:phantomforce",
    "tm:poweruppunch",
    "tm:protect",
    "tm:psychic",
    "tm:raindance",
    "tm:rest",
    "tm:return",
    "tm:rockpolish",
    "tm:rockslide",
    "tm:rocksmash",
    "tm:rocktomb",
    "tm:round",
    "tm:safeguard",
    "tm:secretpower",
    "tm:selfdestruct",
    "tm:shadowball",
    "tm:sleeptalk",
    "tm:snore",
    "tm:stealthrock",
    "tm:stompingtantrum",
    "tm:strength",
    "tm:substitute",
    "tm:superpower",
    "tm:swagger",
    "tm:telekinesis",
    "tm:thief",
    "tm:thunderpunch",
    "tm:toxic",
    "tutor:allyswitch",
    "tutor:block",
    "tutor:drainpunch",
    "tutor:earthpower",
    "tutor:firepunch",
    "tutor:focuspunch",
    "tutor:gravity",
    "tutor:icepunch",
    "tutor:icywind",
    "tutor:irondefense",
    "tutor:lowkick",
    "tutor:magiccoat",
    "tutor:poltergeist",
    "tutor:rollout",
    "tutor:scorchingsands",
    "tutor:shockwave",
    "tutor:signalbeam",
    "tutor:sleeptalk",
    "tutor:snore",
    "tutor:stealthrock",
    "tutor:superpower",
    "tutor:telekinesis",
    "tutor:thunderpunch"
  ],
  "labels": [
    "gen5"
  ],
  "pokedex": [
    "cobblemon.species.golett.desc"
  ],
  "evolutions": [
    {
      "id": "golett_golurk",
      "variant": "level_up",
      "result": "golurk",
      "consumeHeldItem": false,
      "learnableMoves": [],
      "requirements": [
        {
          "variant": "level",
          "minLevel": 43
        }
      ]
    }
  ],
  "baseScale": 0.9,
  "hitbox": {
    "width": 0.7,
    "height": 1.3,
    "fixed": false
  },
  "baseFriendship": 50,
  "evYield": {
    "hp": 0,
    "attack": 1,
    "defence": 0,
    "special_attack": 0,
    "special_defence": 0,
    "speed": 0
  },
  "height": 10,
  "weight": 920,
  "aspects": [],
  "cannotDynamax": false
}