{
  "target": "cobblemon:golurk",
  "features": ["twilight"],
  "implemented": true,
  "name": "Golurk",
  "nationalPokedexNumber": 623,
  "primaryType": "ground",
  "secondaryType": "ghost",
  "abilities": [
    "ironfist",
    "klutz",
    "h:noguard"
  ],
  "drops": {
    "amount": 4,
    "entries": [
      {
        "item": "minecraft:clay_ball",
        "quantityRange": "0-2"
      },
      {
        "item": "cobblemon:light_clay",
        "percentage": 5.0
      },
      {
        "item": "cobblemon:colbur_berry",
        "percentage": 5.0
      }
    ]
  },
  "baseStats": {
    "hp": 89,
    "attack": 124,
    "defence": 80,
    "special_attack": 55,
    "special_defence": 80,
    "speed": 55
  },
  "behaviour": {
    "moving": {
      "walk": {
        "walkSpeed": 0.25
      }
    },
    "resting": {
      "canSleep": true,
      "willSleepOnBed": false,
      "depth": "normal",
      "light": "0-4"
    }
  },
  "catchRate": 90,
  "maleRatio": -1,
  "shoulderMountable": false,
  "forms": [
    {
      "implemented": true,
      "name": "Twilight Golurk",
      "nationalPokedexNumber": 623,
      "primaryType": "electric",
      "secondaryType": "grass",
      "abilities": [
        "ironfist",
        "flashfire",
        "h:noguard"
      ],
      "drops": {
        "amount": 4,
        "entries": [
          {
            "item": "twilightforest:carminite",
            "quantityRange": "2-4"
          },
          {
            "item": "cobblemon:occa_berry",
            "percentage": 2.5
          }
        ]
      },
      "baseStats": {
        "hp": 89,
        "attack": 124,
        "defence": 80,
        "special_attack": 55,
        "special_defence": 80,
        "speed": 55
      },
      "behaviour": {
        "moving": {
          "walk": {
            "walkSpeed": 0.25
          }
        },
        "resting": {
          "canSleep": true,
          "willSleepOnBed": false,
          "depth": "normal",
          "light": "0-4"
        }
      },
      "catchRate": 90,
      "maleRatio": -1,
      "shoulderMountable": false,
      "baseExperienceYield": 169,
      "experienceGroup": "medium_fast",
      "eggCycles": 25,
      "eggGroups": [
        "mineral"
      ],
      "moves": [
        "1:strengthsap",
        "1:highhorsepower",
        "1:focuspunch",
        "1:firepunch",
        "1:thunderpunch",
        "1:branchpoke",
        "1:spark",
        "4:defensecurl",
        "9:rollout",
        "12:thunderpunch",
        "16:charge",
        "20:needlearm",
        "24:firepunch",
        "28:irondefense",
        "30:megapunch",
        "32:wildcharge",
        "36:woodhammer",
        "40:heavyslam",
        "46:flareblitz",
        "52:hammerarm",
        "58:heatcrash",
        "64:dynamicpunch",
        "70:plasmafists",
        "tm:allyswitch",
        "tm:bodypress",
        "tm:bodyslam",
        "tm:brickbreak",
        "tm:bulldoze",
        "tm:chargebeam",
        "tm:closecombat",
        "tm:confide",
        "tm:darkestlariat",
        "tm:dig",
        "tm:doubleteam",
        "tm:drainpunch",
        "tm:earthpower",
        "tm:earthquake",
        "tm:endure",
        "tm:facade",
        "tm:firepunch",
        "tm:flash",
        "tm:flashcannon",
        "tm:fling",
        "tm:fly",
        "tm:focusblast",
        "tm:frustration",
        "tm:gigaimpact",
        "tm:grassknot",
        "tm:gyroball",
        "tm:heatcrash",
        "tm:heavyslam",
        "tm:helpinghand",
        "tm:hiddenpower",
        "tm:highhorsepower",
        "tm:hyperbeam",
        "tm:icebeam",
        "tm:icepunch",
        "tm:icywind",
        "tm:imprison",
        "tm:irondefense",
        "tm:lowkick",
        "tm:lowsweep",
        "tm:megakick",
        "tm:megapunch",
        "tm:phantomforce",
        "tm:poweruppunch",
        "tm:protect",
        "tm:psychic",
        "tm:raindance",
        "tm:rest",
        "tm:return",
        "tm:rockpolish",
        "tm:rockslide",
        "tm:rocksmash",
        "tm:rocktomb",
        "tm:round",
        "tm:safeguard",
        "tm:secretpower",
        "tm:selfdestruct",
        "tm:shadowball",
        "tm:sleeptalk",
        "tm:snore",
        "tm:solarbeam",
        "tm:stealthrock",
        "tm:stompingtantrum",
        "tm:stoneedge",
        "tm:strength",
        "tm:substitute",
        "tm:superpower",
        "tm:swagger",
        "tm:telekinesis",
        "tm:thief",
        "tm:thunderbolt",
        "tm:thunderpunch",
        "tm:toxic",
        "tm:trick",
        "tm:zenheadbutt",
        "tutor:allyswitch",
        "tutor:block",
        "tutor:drainpunch",
        "tutor:earthpower",
        "tutor:firepunch",
        "tutor:focuspunch",
        "tutor:gravity",
        "tutor:gyroball",
        "tutor:hammerarm",
        "tutor:hyperbeam",
        "tutor:icepunch",
        "tutor:icywind",
        "tutor:irondefense",
        "tutor:lowkick",
        "tutor:magiccoat",
        "tutor:poltergeist",
        "tutor:scorchingsands",
        "tutor:shadowpunch",
        "tutor:shockwave",
        "tutor:signalbeam",
        "tutor:sleeptalk",
        "tutor:snore",
        "tutor:stealthrock",
        "tutor:stompingtantrum",
        "tutor:superpower",
        "tutor:telekinesis",
        "tutor:thunderpunch",
        "tutor:zenheadbutt"
      ],
      "labels": [
        "gen5"
      ],
      "pokedex": [
        "cobblemon.species.golurk.desc"
      ],
      "aspects": [
        "twilight"
      ],
      "preEvolution": "golett form=twilight",
      "evolutions": [],
      "baseScale": 1.65,
      "hitbox": {
        "width": 1.4,
        "height": 3.5,
        "fixed": false
      },
      "baseFriendship": 50,
      "evYield": {
        "hp": 0,
        "attack": 2,
        "defence": 0,
        "special_attack": 0,
        "special_defence": 0,
        "speed": 0
      },
      "height": 28,
      "weight": 3300,
      "cannotDynamax": false
    }
  ],
  "baseExperienceYield": 169,
  "experienceGroup": "medium_fast",
  "eggCycles": 25,
  "eggGroups": [
    "mineral"
  ],
  "moves": [
    "1:astonish",
    "1:defensecurl",
    "1:focuspunch",
    "1:highhorsepower",
    "1:mudslap",
    "1:pound",
    "9:rollout",
    "12:shadowpunch",
    "16:curse",
    "20:nightshade",
    "24:stompingtantrum",
    "28:irondefense",
    "30:magnitude",
    "32:megapunch",
    "36:shadowball",
    "40:heavyslam",
    "46:phantomforce",
    "52:hammerarm",
    "58:earthquake",
    "64:dynamicpunch",
    "tm:allyswitch",
    "tm:bodypress",
    "tm:bodyslam",
    "tm:brickbreak",
    "tm:bulldoze",
    "tm:chargebeam",
    "tm:closecombat",
    "tm:confide",
    "tm:darkestlariat",
    "tm:dig",
    "tm:doubleteam",
    "tm:drainpunch",
    "tm:earthpower",
    "tm:earthquake",
    "tm:endure",
    "tm:facade",
    "tm:firepunch",
    "tm:flash",
    "tm:flashcannon",
    "tm:fling",
    "tm:fly",
    "tm:focusblast",
    "tm:frustration",
    "tm:gigaimpact",
    "tm:grassknot",
    "tm:gyroball",
    "tm:heatcrash",
    "tm:heavyslam",
    "tm:helpinghand",
    "tm:hiddenpower",
    "tm:highhorsepower",
    "tm:hyperbeam",
    "tm:icebeam",
    "tm:icepunch",
    "tm:icywind",
    "tm:imprison",
    "tm:irondefense",
    "tm:lowkick",
    "tm:lowsweep",
    "tm:megakick",
    "tm:megapunch",
    "tm:phantomforce",
    "tm:poweruppunch",
    "tm:protect",
    "tm:psychic",
    "tm:raindance",
    "tm:rest",
    "tm:return",
    "tm:rockpolish",
    "tm:rockslide",
    "tm:rocksmash",
    "tm:rocktomb",
    "tm:round",
    "tm:safeguard",
    "tm:secretpower",
    "tm:selfdestruct",
    "tm:shadowball",
    "tm:sleeptalk",
    "tm:snore",
    "tm:solarbeam",
    "tm:stealthrock",
    "tm:stompingtantrum",
    "tm:stoneedge",
    "tm:strength",
    "tm:substitute",
    "tm:superpower",
    "tm:swagger",
    "tm:telekinesis",
    "tm:thief",
    "tm:thunderbolt",
    "tm:thunderpunch",
    "tm:toxic",
    "tm:trick",
    "tm:zenheadbutt",
    "tutor:allyswitch",
    "tutor:block",
    "tutor:drainpunch",
    "tutor:earthpower",
    "tutor:firepunch",
    "tutor:focuspunch",
    "tutor:gravity",
    "tutor:gyroball",
    "tutor:hammerarm",
    "tutor:hyperbeam",
    "tutor:icepunch",
    "tutor:icywind",
    "tutor:irondefense",
    "tutor:lowkick",
    "tutor:magiccoat",
    "tutor:poltergeist",
    "tutor:scorchingsands",
    "tutor:shadowpunch",
    "tutor:shockwave",
    "tutor:signalbeam",
    "tutor:sleeptalk",
    "tutor:snore",
    "tutor:stealthrock",
    "tutor:stompingtantrum",
    "tutor:superpower",
    "tutor:telekinesis",
    "tutor:thunderpunch",
    "tutor:zenheadbutt"
  ],
  "labels": [
    "gen5"
  ],
  "pokedex": [
    "cobblemon.species.golurk.desc"
  ],
  "preEvolution": "golett",
  "evolutions": [],
  "baseScale": 1.65,
  "hitbox": {
    "width": 1.4,
    "height": 3.5,
    "fixed": false
  },
  "baseFriendship": 50,
  "evYield": {
    "hp": 0,
    "attack": 2,
    "defence": 0,
    "special_attack": 0,
    "special_defence": 0,
    "speed": 0
  },
  "height": 28,
  "weight": 3300,
  "aspects": [],
  "cannotDynamax": false
}