{
  "target": "cobblemon:sawsbuck",
  "features": ["season","twilight"],
  "implemented": true,
  "name": "Sawsbuck",
  "nationalPokedexNumber": 586,
  "primaryType": "normal",
  "secondaryType": "grass",
  "abilities": [
    "chlorophyll",
    "sapsipper",
    "h:serenegrace"
  ],
  "drops": {
    "amount": 3,
    "entries": [
      {
        "item": "minecraft:leather",
        "quantityRange": "0-2"
      },
      {
        "item": "cobblemon:yache_berry",
        "percentage": 5.0
      }
    ]
  },
  "baseStats": {
    "hp": 80,
    "attack": 100,
    "defence": 70,
    "special_attack": 60,
    "special_defence": 70,
    "speed": 95
  },
  "catchRate": 75,
  "maleRatio": 0.5,
  "shoulderMountable": false,
  "forms": [
    {
      "implemented": true,
      "name": "Twilight Sawsbuck",
      "nationalPokedexNumber": 586,
      "primaryType": "grass",
      "secondaryType": "psychic",
      "abilities": [
        "forewarn",
        "grassysurge",
        "h:serenegrace"
      ],
      "drops": {
        "amount": 3,
        "entries": [
          {
            "item": "minecraft:leather",
            "quantityRange": "1-2"
          },
          {
            "item": "twilightforest:time_sapling",
            "percentage": 5.0
          }
        ]
      },
      "baseStats": {
        "hp": 80,
        "attack": 100,
        "defence": 70,
        "special_attack": 60,
        "special_defence": 70,
        "speed": 95
      },
      "catchRate": 75,
      "maleRatio": 0.5,
      "shoulderMountable": false,
      "baseExperienceYield": 166,
      "experienceGroup": "medium_fast",
      "eggCycles": 20,
      "eggGroups": [
        "field"
      ],
      "moves": [
        "1:naturepower",
        "1:camouflage",
        "1:meditate",
        "1:hornleech",
        "1:megahorn",
        "7:branchpoke",
        "10:metronome",
        "12:leechseed",
        "14:zenheadbutt",
        "17:razorleaf",
        "20:wish",
        "24:grassyterrain",
        "25:grassyglide",
        "28:aromatherapy",
        "28:petalblizzard",
        "32:cosmicpower",      
        "40:futuresight",
        "44:psyshieldbash",
        "52:moonlight",
        "60:forestscurse",
        "tm:agility",
        "tm:attract",
        "tm:batonpass",
        "tm:bodyslam",
        "tm:bulldoze",
        "tm:bulletseed",
        "tm:charm",
        "tm:confide",
        "tm:cut",
        "tm:dig",
        "tm:doubleteam",
        "tm:echoedvoice",
        "tm:endure",
        "tm:energyball",
        "tm:facade",
        "tm:faketears",
        "tm:flash",
        "tm:frustration",
        "tm:gigadrain",
        "tm:gigaimpact",
        "tm:grassknot",
        "tm:grassyterrain",
        "tm:helpinghand",
        "tm:hiddenpower",
        "tm:hyperbeam",
        "tm:leafstorm",
        "tm:lightscreen",
        "tm:magicalleaf",
        "tm:naturepower",
        "tm:playrough",
        "tm:protect",
        "tm:raindance",
        "tm:rest",
        "tm:retaliate",
        "tm:return",
        "tm:rocksmash",
        "tm:round",
        "tm:safeguard",
        "tm:secretpower",
        "tm:seedbomb",
        "tm:shadowball",
        "tm:sleeptalk",
        "tm:smartstrike",
        "tm:solarbeam",
        "tm:stompingtantrum",
        "tm:substitute",
        "tm:sunnyday",
        "tm:swagger",
        "tm:swordsdance",
        "tm:takedown",
        "tm:terablast",
        "tm:thunderwave",
        "tm:toxic",
        "tm:trailblaze",
        "tm:wildcharge",
        "tm:workup",
        "tm:zenheadbutt",
        "tutor:bounce",
        "tutor:gigadrain",
        "tutor:lastresort",
        "tutor:seedbomb",
        "tutor:sleeptalk",
        "tutor:snore",
        "tutor:stompingtantrum",
        "tutor:synthesis",
        "tutor:worryseed"
      ],
      "labels": [
        "gen5"
      ],
      "pokedex": [
        "cobblemon.species.sawsbuck.desc"
      ],
      "preEvolution": "deerling form=twilight",
      "evolutions": [],
      "baseScale": 1.05,
      "hitbox": {
        "width": 1,
        "height": 1.9,
        "fixed": false
      },
      "baseFriendship": 70,
      "evYield": {
        "hp": 0,
        "attack": 2,
        "defence": 0,
        "special_attack": 0,
        "special_defence": 0,
        "speed": 0
      },
      "height": 19,
      "weight": 925,
      "aspects": [
        "twilight"
      ],      
      "cannotDynamax": false
    }
  ],
  "baseExperienceYield": 166,
  "experienceGroup": "medium_fast",
  "eggCycles": 20,
  "eggGroups": [
    "field"
  ],
  "moves": [
    "1:camouflage",
    "1:growl",
    "1:hornleech",
    "1:megahorn",
    "1:sandattack",
    "1:tackle",
    "10:doublekick",
    "13:leechseed",
    "16:bulletseed",
    "16:feintattack",
    "20:takedown",
    "24:jumpkick",
    "24:zenheadbutt",
    "28:aromatherapy",
    "28:energyball",
    "36:charm",
    "44:doubleedge",
    "44:naturepower",
    "52:solarbeam",
    "tm:agility",
    "tm:attract",
    "tm:batonpass",
    "tm:bodyslam",
    "tm:bulldoze",
    "tm:bulletseed",
    "tm:charm",
    "tm:confide",
    "tm:cut",
    "tm:dig",
    "tm:doubleteam",
    "tm:echoedvoice",
    "tm:endure",
    "tm:energyball",
    "tm:facade",
    "tm:faketears",
    "tm:flash",
    "tm:frustration",
    "tm:gigadrain",
    "tm:gigaimpact",
    "tm:grassknot",
    "tm:grassyterrain",
    "tm:helpinghand",
    "tm:hiddenpower",
    "tm:hyperbeam",
    "tm:leafstorm",
    "tm:lightscreen",
    "tm:magicalleaf",
    "tm:naturepower",
    "tm:playrough",
    "tm:protect",
    "tm:raindance",
    "tm:rest",
    "tm:retaliate",
    "tm:return",
    "tm:rocksmash",
    "tm:round",
    "tm:safeguard",
    "tm:secretpower",
    "tm:seedbomb",
    "tm:shadowball",
    "tm:sleeptalk",
    "tm:smartstrike",
    "tm:solarbeam",
    "tm:stompingtantrum",
    "tm:substitute",
    "tm:sunnyday",
    "tm:swagger",
    "tm:swordsdance",
    "tm:takedown",
    "tm:terablast",
    "tm:thunderwave",
    "tm:toxic",
    "tm:trailblaze",
    "tm:wildcharge",
    "tm:workup",
    "tm:zenheadbutt",
    "tutor:bounce",
    "tutor:gigadrain",
    "tutor:lastresort",
    "tutor:seedbomb",
    "tutor:sleeptalk",
    "tutor:snore",
    "tutor:stompingtantrum",
    "tutor:synthesis",
    "tutor:worryseed"
  ],
  "labels": [
    "gen5"
  ],
  "pokedex": [
    "cobblemon.species.sawsbuck.desc"
  ],
  "preEvolution": "deerling",
  "evolutions": [],
  "baseScale": 1.05,
  "hitbox": {
    "width": 1,
    "height": 1.9,
    "fixed": false
  },
  "baseFriendship": 70,
  "evYield": {
    "hp": 0,
    "attack": 2,
    "defence": 0,
    "special_attack": 0,
    "special_defence": 0,
    "speed": 0
  },
  "height": 19,
  "weight": 925,
  "aspects": [],
  "cannotDynamax": false
}