{
  "target": "cobblemon:venipede",
  "features": ["twilight"],
  "implemented": true,
  "name": "Venipede",
  "nationalPokedexNumber": 543,
  "primaryType": "bug",
  "secondaryType": "poison",
  "abilities": [
    "poisonpoint",
    "swarm",
    "h:speedboost"
  ],
  "drops": {
    "amount": 2,
    "entries": [
      {
        "item": "cobblemon:poison_barb",
        "percentage": 2.5
      },
      {
        "item": "cobblemon:pecha_berry",
        "percentage": 2.5
      }
    ]
  },
  "baseStats": {
    "hp": 30,
    "attack": 45,
    "defence": 59,
    "special_attack": 30,
    "special_defence": 39,
    "speed": 57
  },
  "behaviour": {
    "resting": {
      "canSleep": true,
      "willSleepOnBed": true,
      "depth": "normal",
      "light": "11-15"
    }
  },
  "catchRate": 255,
  "maleRatio": 0.5,
  "shoulderMountable": false,
  "forms": [
    {
      "implemented": true,
      "name": "Twilight Venipede",
      "nationalPokedexNumber": 543,
      "primaryType": "psychic",
      "secondaryType": "dark",
      "abilities": [
        "wonderskin",
        "h:speedboost"
      ],
      "drops": {
        "amount": 2,
        "entries": [
          {
            "item": "minecraft:echo_shard",
            "quantityRange": "0-2"
          },
          {
            "item": "cobblemon:life_orb",
            "percentage": 1.0
          },
          {
            "item": "cobblemon:tanga_berry",
            "percentage": 1.0
          }
        ]
      },
      "baseStats": {
        "hp": 30,
        "attack": 45,
        "defence": 59,
        "special_attack": 30,
        "special_defence": 39,
        "speed": 57
      },
      "behaviour": {
        "resting": {
          "canSleep": false,
          "willSleepOnBed": false,
          "depth": "normal",
          "light": "11-15"
        }
      },
      "catchRate": 255,
      "maleRatio": 0.5,
      "shoulderMountable": false,
      "baseExperienceYield": 52,
      "experienceGroup": "medium_slow",
      "eggCycles": 15,
      "eggGroups": [
        "bug"
      ],
      "moves": [
        "1:defensecurl",
        "1:powertrip",
        "4:rollout",
        "8:obstruct",
        "12:psybeam",
        "12:pursuit",
        "16:cosmicpower",
        "20:brutalswing",
        "24:zenheadbutt",
        "28:powertrick",
        "32:agility",
        "33:lashout",
        "36:psychicterrain",
        "38:psychicfangs",
        "40:swordsdance",
        "44:darkestlariat",
        "egg:bite",
        "egg:furycutter",
        "egg:pinmissile",
        "egg:rockclimb",
        "egg:spikes",
        "egg:takedown",
        "egg:toxicspikes",
        "egg:twineedle",
        "tm:agility",
        "tm:attract",
        "tm:confide",
        "tm:doubleteam",
        "tm:endure",
        "tm:facade",
        "tm:frustration",
        "tm:gyroball",
        "tm:hex",
        "tm:hiddenpower",
        "tm:infestation",
        "tm:irondefense",
        "tm:payback",
        "tm:pinmissile",
        "tm:poisonjab",
        "tm:protect",
        "tm:rest",
        "tm:return",
        "tm:rocksmash",
        "tm:round",
        "tm:screech",
        "tm:secretpower",
        "tm:sleeptalk",
        "tm:sludgebomb",
        "tm:snore",
        "tm:solarbeam",
        "tm:spikes",
        "tm:strugglebug",
        "tm:substitute",
        "tm:sunnyday",
        "tm:swagger",
        "tm:toxic",
        "tm:toxicspikes",
        "tm:venomdrench",
        "tm:venoshock",
        "tutor:bugbite",
        "tutor:endeavor",
        "tutor:irondefense",
        "tutor:signalbeam",
        "tutor:skittersmack",
        "tutor:sleeptalk",
        "tutor:snore",
        "tutor:steelroller"
      ],
      "labels": [
        "gen5"
      ],
      "pokedex": [
        "cobblemon.species.venipede.desc"
      ],
      "aspects": [
        "twilight"
      ],
      "evolutions": [
        {
          "id": "venipede_whirlipede_twilight",
          "variant": "level_up",
          "result": "whirlipede form=twilight",
          "consumeHeldItem": false,
          "learnableMoves": [
            "irondefense"
          ],
          "requirements": [
            {
              "variant": "level",
              "minLevel": 22
            }
          ]
        }
      ],
      "baseScale": 0.6,
      "hitbox": {
        "width": 1,
        "height": 0.9,
        "fixed": false
      },
      "baseFriendship": 50,
      "evYield": {
        "hp": 0,
        "attack": 0,
        "defence": 1,
        "special_attack": 0,
        "special_defence": 0,
        "speed": 0
      },
      "height": 4,
      "weight": 53,
      "cannotDynamax": false
    }
  ],
  "baseExperienceYield": 52,
  "experienceGroup": "medium_slow",
  "eggCycles": 15,
  "eggGroups": [
    "bug"
  ],
  "moves": [
    "1:defensecurl",
    "1:poisonsting",
    "4:rollout",
    "8:protect",
    "12:poisontail",
    "12:pursuit",
    "16:screech",
    "20:bugbite",
    "24:venoshock",
    "28:takedown",
    "32:agility",
    "33:steamroller",
    "36:toxic",
    "40:rockclimb",
    "40:venomdrench",
    "44:doubleedge",
    "egg:bite",
    "egg:furycutter",
    "egg:pinmissile",
    "egg:rockclimb",
    "egg:spikes",
    "egg:takedown",
    "egg:toxicspikes",
    "egg:twineedle",
    "tm:agility",
    "tm:attract",
    "tm:confide",
    "tm:doubleteam",
    "tm:endure",
    "tm:facade",
    "tm:frustration",
    "tm:gyroball",
    "tm:hex",
    "tm:hiddenpower",
    "tm:infestation",
    "tm:irondefense",
    "tm:payback",
    "tm:pinmissile",
    "tm:poisonjab",
    "tm:protect",
    "tm:rest",
    "tm:return",
    "tm:rocksmash",
    "tm:round",
    "tm:screech",
    "tm:secretpower",
    "tm:sleeptalk",
    "tm:sludgebomb",
    "tm:snore",
    "tm:solarbeam",
    "tm:spikes",
    "tm:strugglebug",
    "tm:substitute",
    "tm:sunnyday",
    "tm:swagger",
    "tm:toxic",
    "tm:toxicspikes",
    "tm:venomdrench",
    "tm:venoshock",
    "tutor:bugbite",
    "tutor:endeavor",
    "tutor:irondefense",
    "tutor:signalbeam",
    "tutor:skittersmack",
    "tutor:sleeptalk",
    "tutor:snore",
    "tutor:steelroller"
  ],
  "labels": [
    "gen5"
  ],
  "pokedex": [
    "cobblemon.species.venipede.desc"
  ],
  "evolutions": [
    {
      "id": "venipede_whirlipede",
      "variant": "level_up",
      "result": "whirlipede",
      "consumeHeldItem": false,
      "learnableMoves": [
        "irondefense"
      ],
      "requirements": [
        {
          "variant": "level",
          "minLevel": 22
        }
      ]
    }
  ],
  "baseScale": 0.6,
  "hitbox": {
    "width": 1,
    "height": 0.9,
    "fixed": false
  },
  "baseFriendship": 50,
  "evYield": {
    "hp": 0,
    "attack": 0,
    "defence": 1,
    "special_attack": 0,
    "special_defence": 0,
    "speed": 0
  },
  "height": 4,
  "weight": 53,
  "aspects": [],
  "cannotDynamax": false
}