{
  "target": "cobblemon:whirlipede",
  "features": ["twilight"],
  "implemented": true,
  "name": "Whirlipede",
  "nationalPokedexNumber": 544,
  "primaryType": "bug",
  "secondaryType": "poison",
  "abilities": [
    "poisonpoint",
    "swarm",
    "h:speedboost"
  ],
  "drops": {
    "amount": 2,
    "entries": [
      {
        "item": "cobblemon:poison_barb",
        "percentage": 5.0
      },
      {
        "item": "cobblemon:pecha_berry",
        "percentage": 5.0
      }
    ]
  },
  "baseStats": {
    "hp": 40,
    "attack": 55,
    "defence": 99,
    "special_attack": 40,
    "special_defence": 79,
    "speed": 47
  },
  "behaviour": {
    "moving": {
      "walk": {
        "walkSpeed": 0.47
      }
    },
    "resting": {
      "canSleep": true,
      "willSleepOnBed": true,
      "depth": "normal",
      "light": "11-15"
    }
  },
  "catchRate": 120,
  "maleRatio": 0.5,
  "shoulderMountable": false,
  "forms": [
    {
      "implemented": true,
      "name": "Twilight Whirlipede",
      "nationalPokedexNumber": 544,
      "primaryType": "psychic",
      "secondaryType": "dark",
      "abilities": [
        "wonderskin",
        "h:speedboost"
      ],
      "drops": {
        "amount": 3,
        "entries": [
          {
            "item": "minecraft:echo_shard",
            "quantityRange": "1-3"
          },
          {
            "item": "cobblemon:life_orb",
            "percentage": 2.5
          },
          {
            "item": "cobblemon:tanga_berry",
            "percentage": 2.5
          }
        ]
      },
      "baseStats": {
        "hp": 40,
        "attack": 55,
        "defence": 99,
        "special_attack": 40,
        "special_defence": 79,
        "speed": 47
      },
      "behaviour": {
        "moving": {
          "walk": {
            "walkSpeed": 0.47
          }
        },
        "resting": {
          "canSleep": false,
          "willSleepOnBed": false,
          "depth": "normal",
          "light": "11-15"
        }
      },
      "catchRate": 120,
      "maleRatio": 0.5,
      "shoulderMountable": false,
      "baseExperienceYield": 126,
      "experienceGroup": "medium_slow",
      "eggCycles": 15,
      "eggGroups": [
        "bug"
      ],
      "moves": [
        "1:defensecurl",
        "1:irondefense",
        "1:powertrip",
        "1:obstruct",
        "1:rollout",
        "12:psybeam",
        "12:pursuit",
        "16:cosmicpower",
        "20:brutalswing",
        "26:zenheadbutt",
        "32:powertrick",
        "37:lashout",
        "38:agility",
        "44:psychicterrain",
        "46:psychicfangs",
        "50:swordsdance",
        "56:darkestlariat",
        "tm:agility",
        "tm:attract",
        "tm:confide",
        "tm:doubleteam",
        "tm:endure",
        "tm:facade",
        "tm:frustration",
        "tm:gyroball",
        "tm:hex",
        "tm:hiddenpower",
        "tm:infestation",
        "tm:irondefense",
        "tm:payback",
        "tm:pinmissile",
        "tm:poisonjab",
        "tm:protect",
        "tm:rest",
        "tm:return",
        "tm:rocksmash",
        "tm:round",
        "tm:screech",
        "tm:secretpower",
        "tm:sleeptalk",
        "tm:sludgebomb",
        "tm:snore",
        "tm:solarbeam",
        "tm:spikes",
        "tm:strugglebug",
        "tm:substitute",
        "tm:sunnyday",
        "tm:swagger",
        "tm:toxic",
        "tm:toxicspikes",
        "tm:venomdrench",
        "tm:venoshock",
        "tutor:bugbite",
        "tutor:endeavor",
        "tutor:irondefense",
        "tutor:signalbeam",
        "tutor:skittersmack",
        "tutor:sleeptalk",
        "tutor:snore",
        "tutor:steelroller"
      ],
      "labels": [
        "gen5"
      ],
      "aspects": [
        "twilight"
      ],
      "pokedex": [
        "cobblemon.species.whirlipede.desc"
      ],
      "preEvolution": "venipede",
      "evolutions": [
        {
          "id": "whirlipede_scolipede-twilight",
          "variant": "level_up",
          "result": "scolipede form=twilight",
          "consumeHeldItem": false,
          "learnableMoves": [],
          "requirements": [
            {
              "variant": "level",
              "minLevel": 30
            }
          ]
        }
      ],
      "baseScale": 0.9,
      "hitbox": {
        "width": 1.3,
        "height": 1.6,
        "fixed": false
      },
      "baseFriendship": 50,
      "evYield": {
        "hp": 0,
        "attack": 0,
        "defence": 2,
        "special_attack": 0,
        "special_defence": 0,
        "speed": 0
      },
      "height": 12,
      "weight": 585,
      "cannotDynamax": false
    }
  ],
  "baseExperienceYield": 126,
  "experienceGroup": "medium_slow",
  "eggCycles": 15,
  "eggGroups": [
    "bug"
  ],
  "moves": [
    "1:defensecurl",
    "1:irondefense",
    "1:poisonsting",
    "1:protect",
    "1:rollout",
    "12:poisontail",
    "12:pursuit",
    "16:screech",
    "20:bugbite",
    "26:venoshock",
    "32:takedown",
    "37:steamroller",
    "38:agility",
    "44:toxic",
    "46:rockclimb",
    "50:venomdrench",
    "56:doubleedge",
    "tm:agility",
    "tm:attract",
    "tm:confide",
    "tm:doubleteam",
    "tm:endure",
    "tm:facade",
    "tm:frustration",
    "tm:gyroball",
    "tm:hex",
    "tm:hiddenpower",
    "tm:infestation",
    "tm:irondefense",
    "tm:payback",
    "tm:pinmissile",
    "tm:poisonjab",
    "tm:protect",
    "tm:rest",
    "tm:return",
    "tm:rocksmash",
    "tm:round",
    "tm:screech",
    "tm:secretpower",
    "tm:sleeptalk",
    "tm:sludgebomb",
    "tm:snore",
    "tm:solarbeam",
    "tm:spikes",
    "tm:strugglebug",
    "tm:substitute",
    "tm:sunnyday",
    "tm:swagger",
    "tm:toxic",
    "tm:toxicspikes",
    "tm:venomdrench",
    "tm:venoshock",
    "tutor:bugbite",
    "tutor:endeavor",
    "tutor:irondefense",
    "tutor:signalbeam",
    "tutor:skittersmack",
    "tutor:sleeptalk",
    "tutor:snore",
    "tutor:steelroller"
  ],
  "labels": [
    "gen5"
  ],
  "pokedex": [
    "cobblemon.species.whirlipede.desc"
  ],
  "preEvolution": "venipede",
  "evolutions": [
    {
      "id": "whirlipede_scolipede",
      "variant": "level_up",
      "result": "scolipede",
      "consumeHeldItem": false,
      "learnableMoves": [],
      "requirements": [
        {
          "variant": "level",
          "minLevel": 30
        }
      ]
    }
  ],
  "baseScale": 0.9,
  "hitbox": {
    "width": 1.3,
    "height": 1.6,
    "fixed": false
  },
  "baseFriendship": 50,
  "evYield": {
    "hp": 0,
    "attack": 0,
    "defence": 2,
    "special_attack": 0,
    "special_defence": 0,
    "speed": 0
  },
  "height": 12,
  "weight": 585,
  "aspects": [],
  "cannotDynamax": false
}