{
  "target": "cobblemon:gallade",
  "features": ["twilight"],
  "implemented": true,
  "name": "Gallade",
  "nationalPokedexNumber": 475,
  "primaryType": "psychic",
  "secondaryType": "fighting",
  "abilities": [
    "steadfast",
    "sharpness",
    "h:justified"
  ],
  "baseStats": {
    "hp": 68,
    "attack": 125,
    "defence": 65,
    "special_attack": 65,
    "special_defence": 115,
    "speed": 80
  },
  "catchRate": 45,
  "maleRatio": 1,
  "shoulderMountable": false,
  "forms": [
    {
      "name": "Mega",
      "primaryType": "psychic",
      "secondaryType": "fighting",
      "abilities": [
        "innerfocus"
      ],
      "baseStats": {
        "hp": 68,
        "attack": 165,
        "defence": 95,
        "special_attack": 65,
        "special_defence": 115,
        "speed": 110
      },
      "catchRate": 45,
      "maleRatio": 1,
      "baseExperienceYield": 259,
      "baseFriendship": 35,
      "evYield": {
        "hp": 0,
        "attack": 3,
        "defence": 0,
        "special_attack": 0,
        "special_defence": 0,
        "speed": 0
      },
      "experienceGroup": "slow",
      "eggCycles": 20,
      "eggGroups": [
        "amorphous"
      ],
      "labels": [
        "gen6",
        "mega"
      ],
      "aspects": [
        "mega"
      ],
      "height": 16,
      "weight": 564,
      "evolutions": [],
      "cannotDynamax": false,
      "battleOnly": true
    },
    {
        "implemented": true,
        "name": "Twilight Gallade",
        "nationalPokedexNumber": 475,
        "primaryType": "ghost",
        "secondaryType": "fighting",
        "abilities": [
          "sharpness",
          "battlearmor",
          "h:rattled"
        ],
        "baseStats": {
          "hp": 68,
          "attack": 125,
          "defence": 115,
          "special_attack": 65,
          "special_defence": 65,
          "speed": 80
        },
        "catchRate": 45,
        "maleRatio": 0.5,
        "shoulderMountable": false,
        "baseExperienceYield": 259,
        "experienceGroup": "slow",
        "eggCycles": 20,
        "eggGroups": [
          "human_like",
          "amorphous"
        ],
        "behaviour": {
          "resting": {
            "canSleep": true,
            "willSleepOnBed": false,
            "depth": "normal",
            "light": "0-4"
          }
        },
        "moves": [
          "1:nightslash",
          "1:aquacutter",
          "1:leafblade",
          "1:furycutter",
          "1:psychocut",
          "1:harden",
          "1:submission",
          "1:astonish",
          "1:bulkup",
          "1:shadowsneak",
          "1:smartstrike",
          "1:shadowpunch",
          "1:grudge",
          "1:revenge",
          "1:irondefense",
          "1:phantomforce",
          "1:leer",
          "1:lowkick",
          "1:shadowclaw",
          "1:focusenergy",
          "1:sacredsword",
          "1:slash",
          "9:helpinghand",
          "12:feint",
          "15:lowsweep",
          "18:aerialace",
          "23:falseswipe",
          "28:detect",
          "31:sacredsword",
          "34:ironhead",
          "38:swordsdance",
          "42:phantomforce",
          "49:meteormash",
          "56:wideguard",
          "56:quickguard",
          "63:closecombat",
          "tm:aerialace",
          "tm:agility",
          "tm:airslash",
          "tm:allyswitch",
          "tm:attract",
          "tm:aurasphere",
          "tm:bodyslam",
          "tm:brickbreak",
          "tm:bulkup",
          "tm:bulldoze",
          "tm:calmmind",
          "tm:captivate",
          "tm:chargebeam",
          "tm:charm",
          "tm:closecombat",
          "tm:confide",
          "tm:confuseray",
          "tm:cut",
          "tm:dazzlinggleam",
          "tm:disarmingvoice",
          "tm:doubleteam",
          "tm:drainingkiss",
          "tm:drainpunch",
          "tm:dreameater",
          "tm:earthquake",
          "tm:echoedvoice",
          "tm:encore",
          "tm:endure",
          "tm:energyball",
          "tm:facade",
          "tm:falseswipe",
          "tm:firepunch",
          "tm:flash",
          "tm:fling",
          "tm:focusblast",
          "tm:focuspunch",
          "tm:frustration",
          "tm:futuresight",
          "tm:gigaimpact",
          "tm:grassknot",
          "tm:helpinghand",
          "tm:hex",
          "tm:hiddenpower",
          "tm:hyperbeam",
          "tm:hypervoice",
          "tm:icepunch",
          "tm:icywind",
          "tm:imprison",
          "tm:leafblade",
          "tm:lightscreen",
          "tm:lowkick",
          "tm:lowsweep",
          "tm:magicalleaf",
          "tm:magicroom",
          "tm:megakick",
          "tm:megapunch",
          "tm:mistyterrain",
          "tm:naturalgift",
          "tm:nightshade",
          "tm:poisonjab",
          "tm:poweruppunch",
          "tm:protect",
          "tm:psybeam",
          "tm:psychic",
          "tm:psychicterrain",
          "tm:psychocut",
          "tm:psychup",
          "tm:psyshock",
          "tm:raindance",
          "tm:recycle",
          "tm:reflect",
          "tm:rest",
          "tm:retaliate",
          "tm:return",
          "tm:revenge",
          "tm:reversal",
          "tm:rockslide",
          "tm:rocksmash",
          "tm:rocktomb",
          "tm:round",
          "tm:safeguard",
          "tm:secretpower",
          "tm:shadowball",
          "tm:shadowclaw",
          "tm:shockwave",
          "tm:skillswap",
          "tm:sleeptalk",
          "tm:snatch",
          "tm:snore",
          "tm:solarblade",
          "tm:stoneedge",
          "tm:storedpower",
          "tm:strength",
          "tm:substitute",
          "tm:sunnyday",
          "tm:swagger",
          "tm:swift",
          "tm:swordsdance",
          "tm:takedown",
          "tm:taunt",
          "tm:telekinesis",
          "tm:terablast",
          "tm:thief",
          "tm:throatchop",
          "tm:thunderbolt",
          "tm:thunderpunch",
          "tm:thunderwave",
          "tm:torment",
          "tm:toxic",
          "tm:trick",
          "tm:trickroom",
          "tm:willowisp",
          "tm:wonderroom",
          "tm:workup",
          "tm:xscissor",
          "tm:zenheadbutt",
          "tutor:allyswitch",
          "tutor:coaching",
          "tutor:drainpunch",
          "tutor:dualchop",
          "tutor:expandingforce",
          "tutor:firepunch",
          "tutor:focuspunch",
          "tutor:furycutter",
          "tutor:headbutt",
          "tutor:helpinghand",
          "tutor:hypervoice",
          "tutor:icepunch",
          "tutor:knockoff",
          "tutor:laserfocus",
          "tutor:lowkick",
          "tutor:magiccoat",
          "tutor:magicroom",
          "tutor:mudslap",
          "tutor:painsplit",
          "tutor:recycle",
          "tutor:shockwave",
          "tutor:signalbeam",
          "tutor:skillswap",
          "tutor:sleeptalk",
          "tutor:snatch",
          "tutor:snore",
          "tutor:swift",
          "tutor:telekinesis",
          "tutor:throatchop",
          "tutor:thunderpunch",
          "tutor:trick",
          "tutor:tripleaxel",
          "tutor:vacuumwave",
          "tutor:wonderroom",
          "tutor:zenheadbutt"
        ],
        "labels": [
          "gen4"
        ],
        "pokedex": [
          "cobblemon.species.gallade.desc"
        ],
        "preEvolution": "kirlia form=twilight",
        "evolutions": [],
        "baseScale": 1,
        "hitbox": {
          "width": 0.6,
          "height": 2.25,
          "fixed": false
        },
        "baseFriendship": 35,
        "evYield": {
          "hp": 0,
          "attack": 3,
          "defence": 0,
          "special_attack": 0,
          "special_defence": 0,
          "speed": 0
        },
        "height": 16,
        "weight": 570,
        "aspects": ["twilight"],
        "cannotDynamax": false,
        "drops": {
          "amount": 6,
          "entries": [
            {
              "item": "twilightforest:armor_shard",
              "quantityRange": "5-6"
            },
            {
              "item": "cobblemon:dawn_stone",
              "percentage": 10.0
            },
            {
              "item": "cobblemon:spell_tag",
              "percentage": 10.0
            },
            {
              "item": "cobblemon:roseli_berry",
              "percentage": 10.0
            }
          ]
        }
      }
  ],
  "baseExperienceYield": 259,
  "experienceGroup": "slow",
  "eggCycles": 20,
  "eggGroups": [
    "human_like",
    "amorphous"
  ],
  "behaviour": {
    "resting": {
      "canSleep": true,
      "willSleepOnBed": false,
      "depth": "normal",
      "light": "0-4"
    }
  },
  "moves": [
    "1:nightslash",
    "1:aquacutter",
    "1:sacredsword",
    "1:leafblade",
    "1:growl",
    "1:disarmingvoice",
    "1:hypnosis",
    "1:drainingkiss",
    "1:imprison",
    "1:psybeam",
    "1:lifedew",
    "1:charm",
    "1:calmmind",
    "1:psychic",
    "1:dreameater",
    "1:futuresight",
    "1:leer",
    "1:furycutter",
    "1:doubleteam",
    "1:confusion",
    "1:slash",
    "9:helpinghand",
    "12:feint",
    "15:teleport",
    "18:aerialace",
    "23:falseswipe",
    "28:protect",
    "35:swordsdance",
    "42:psychocut",
    "49:healpulse",
    "56:wideguard",
    "56:quickguard",
    "63:closecombat",
    "tm:aerialace",
    "tm:agility",
    "tm:airslash",
    "tm:allyswitch",
    "tm:attract",
    "tm:aurasphere",
    "tm:bodyslam",
    "tm:brickbreak",
    "tm:bulkup",
    "tm:bulldoze",
    "tm:calmmind",
    "tm:captivate",
    "tm:chargebeam",
    "tm:charm",
    "tm:closecombat",
    "tm:confide",
    "tm:confuseray",
    "tm:cut",
    "tm:dazzlinggleam",
    "tm:disarmingvoice",
    "tm:doubleteam",
    "tm:drainingkiss",
    "tm:drainpunch",
    "tm:dreameater",
    "tm:earthquake",
    "tm:echoedvoice",
    "tm:encore",
    "tm:endure",
    "tm:energyball",
    "tm:facade",
    "tm:falseswipe",
    "tm:firepunch",
    "tm:flash",
    "tm:fling",
    "tm:focusblast",
    "tm:focuspunch",
    "tm:frustration",
    "tm:futuresight",
    "tm:gigaimpact",
    "tm:grassknot",
    "tm:helpinghand",
    "tm:hex",
    "tm:hiddenpower",
    "tm:hyperbeam",
    "tm:hypervoice",
    "tm:icepunch",
    "tm:icywind",
    "tm:imprison",
    "tm:leafblade",
    "tm:lightscreen",
    "tm:lowkick",
    "tm:lowsweep",
    "tm:magicalleaf",
    "tm:magicroom",
    "tm:megakick",
    "tm:megapunch",
    "tm:mistyterrain",
    "tm:naturalgift",
    "tm:nightshade",
    "tm:poisonjab",
    "tm:poweruppunch",
    "tm:protect",
    "tm:psybeam",
    "tm:psychic",
    "tm:psychicterrain",
    "tm:psychocut",
    "tm:psychup",
    "tm:psyshock",
    "tm:raindance",
    "tm:recycle",
    "tm:reflect",
    "tm:rest",
    "tm:retaliate",
    "tm:return",
    "tm:revenge",
    "tm:reversal",
    "tm:rockslide",
    "tm:rocksmash",
    "tm:rocktomb",
    "tm:round",
    "tm:safeguard",
    "tm:secretpower",
    "tm:shadowball",
    "tm:shadowclaw",
    "tm:shockwave",
    "tm:skillswap",
    "tm:sleeptalk",
    "tm:snatch",
    "tm:snore",
    "tm:solarblade",
    "tm:stoneedge",
    "tm:storedpower",
    "tm:strength",
    "tm:substitute",
    "tm:sunnyday",
    "tm:swagger",
    "tm:swift",
    "tm:swordsdance",
    "tm:takedown",
    "tm:taunt",
    "tm:telekinesis",
    "tm:terablast",
    "tm:thief",
    "tm:throatchop",
    "tm:thunderbolt",
    "tm:thunderpunch",
    "tm:thunderwave",
    "tm:torment",
    "tm:toxic",
    "tm:trick",
    "tm:trickroom",
    "tm:willowisp",
    "tm:wonderroom",
    "tm:workup",
    "tm:xscissor",
    "tm:zenheadbutt",
    "tutor:allyswitch",
    "tutor:coaching",
    "tutor:drainpunch",
    "tutor:dualchop",
    "tutor:expandingforce",
    "tutor:firepunch",
    "tutor:focuspunch",
    "tutor:furycutter",
    "tutor:headbutt",
    "tutor:helpinghand",
    "tutor:hypervoice",
    "tutor:icepunch",
    "tutor:knockoff",
    "tutor:laserfocus",
    "tutor:lowkick",
    "tutor:magiccoat",
    "tutor:magicroom",
    "tutor:mudslap",
    "tutor:painsplit",
    "tutor:recycle",
    "tutor:shockwave",
    "tutor:signalbeam",
    "tutor:skillswap",
    "tutor:sleeptalk",
    "tutor:snatch",
    "tutor:snore",
    "tutor:swift",
    "tutor:telekinesis",
    "tutor:throatchop",
    "tutor:thunderpunch",
    "tutor:trick",
    "tutor:tripleaxel",
    "tutor:vacuumwave",
    "tutor:wonderroom",
    "tutor:zenheadbutt"
  ],
  "labels": [
    "gen4"
  ],
  "pokedex": [
    "cobblemon.species.gallade.desc"
  ],
  "preEvolution": "kirlia",
  "evolutions": [],
  "baseScale": 1,
  "hitbox": {
    "width": 0.6,
    "height": 2.25,
    "fixed": false
  },
  "baseFriendship": 35,
  "evYield": {
    "hp": 0,
    "attack": 3,
    "defence": 0,
    "special_attack": 0,
    "special_defence": 0,
    "speed": 0
  },
  "height": 16,
  "weight": 520,
  "aspects": [],
  "cannotDynamax": false,
  "drops": {
    "amount": 6,
    "entries": [
      {
        "item": "minecraft:ender_pearl",
        "quantityRange": "0-3"
      },
      {
        "item": "cobblemon:dawn_stone",
        "percentage": 10.0
      },
      {
        "item": "cobblemon:twisted_spoon",
        "percentage": 10.0
      },
      {
        "item": "cobblemon:kasib_berry",
        "percentage": 10.0
      }
    ]
  }
}