{
  "target": "cobblemon:torterra",
  "features": ["tree"],
  "implemented": true,
  "name": "Torterra",
  "forms": [
    {"name": "base"},
    {
      "name": "Fireswamp",
      "primaryType": "grass",
      "secondaryType": "ground",
      "abilities": [
        "flamebody",
        "h:shellarmor"
      ],
      "drops": {
        "amount": 1,
        "entries": [
          {
            "item": "cobblemon:miracle_seed",
            "percentage": 25.0
          }
        ]
      },
      "baseStats": {
        "hp": 95,
        "attack": 109,
        "defence": 105,
        "special_attack": 75,
        "special_defence": 85,
        "speed": 56
      },
      "catchRate": 45,
      "maleRatio": 0.875,
      "shoulderMountable": false,
      "baseExperienceYield": 236,
      "experienceGroup": "medium_slow",
      "eggCycles": 20,
      "eggGroups": [
        "monster",
        "grass"
      ],
      "behaviour": {
        "resting": {
          "canSleep": true,
          "willSleepOnBed": false,
          "depth": "normal",
          "light": "0-4"
        },
        "walk": {
          "walkSpeed": 0.05
        }
      },
      "labels": [
        "gen4"
      ],
      "pokedex": [
        "cobblemon.species.torterra.desc"
      ],
      "preEvolution": "grotle",
      "evolutions": [],
      "baseScale": 1,
      "hitbox": {
        "width": 1,
        "height": 1,
        "fixed": false
      },
      "baseFriendship": 70,
      "evYield": {
        "hp": 0,
        "attack": 2,
        "defence": 1,
        "special_attack": 0,
        "special_defence": 0,
        "speed": 0
      },
      "height": 22,
      "weight": 3100,
      "aspects": ["tree-fireswamp"],
      "cannotDynamax": false
    },
    {
      "name": "Darkwood",
      "primaryType": "grass",
      "secondaryType": "ground",
      "abilities": [
        "cursedbody",
        "h:shellarmor"
      ],
      "drops": {
        "amount": 1,
        "entries": [
          {
            "item": "cobblemon:miracle_seed",
            "percentage": 25.0
          }
        ]
      },
      "baseStats": {
        "hp": 95,
        "attack": 109,
        "defence": 105,
        "special_attack": 75,
        "special_defence": 85,
        "speed": 56
      },
      "catchRate": 45,
      "maleRatio": 0.875,
      "shoulderMountable": false,
      "baseExperienceYield": 236,
      "experienceGroup": "medium_slow",
      "eggCycles": 20,
      "eggGroups": [
        "monster",
        "grass"
      ],
      "behaviour": {
        "resting": {
          "canSleep": true,
          "willSleepOnBed": false,
          "depth": "normal",
          "light": "0-4"
        },
        "walk": {
          "walkSpeed": 0.05
        }
      },
      "labels": [
        "gen4"
      ],
      "pokedex": [
        "cobblemon.species.torterra.desc"
      ],
      "preEvolution": "grotle",
      "evolutions": [],
      "baseScale": 1,
      "hitbox": {
        "width": 1,
        "height": 1,
        "fixed": false
      },
      "baseFriendship": 70,
      "evYield": {
        "hp": 0,
        "attack": 2,
        "defence": 1,
        "special_attack": 0,
        "special_defence": 0,
        "speed": 0
      },
      "height": 22,
      "weight": 3100,
      "aspects": ["tree-darkwood"],
      "cannotDynamax": false
    }
  ],
  "baseExperienceYield": 236,
  "experienceGroup": "medium_slow",
  "eggCycles": 20,
  "eggGroups": [
    "monster",
    "grass"
  ],
  "behaviour": {
    "resting": {
      "canSleep": true,
      "willSleepOnBed": false,
      "depth": "normal",
      "light": "0-4"
    },
    "walk": {
      "walkSpeed": 0.05
    }
  },
  "moves": [
    "1:absorb",
    "1:earthquake",
    "1:razorleaf",
    "1:tackle",
    "1:withdraw",
    "1:woodhammer",
    "17:curse",
    "22:bite",
    "27:megadrain",
    "32:earthquake",
    "33:leechseed",
    "39:synthesis",
    "45:crunch",
    "51:gigadrain",
    "57:leafstorm",
    "tm:attract",
    "tm:bulldoze",
    "tm:bulletseed",
    "tm:captivate",
    "tm:confide",
    "tm:cut",
    "tm:doubleteam",
    "tm:earthquake",
    "tm:endure",
    "tm:energyball",
    "tm:facade",
    "tm:flash",
    "tm:frustration",
    "tm:gigadrain",
    "tm:gigaimpact",
    "tm:grassknot",
    "tm:hiddenpower",
    "tm:hyperbeam",
    "tm:irontail",
    "tm:lightscreen",
    "tm:naturalgift",
    "tm:naturepower",
    "tm:protect",
    "tm:reflect",
    "tm:rest",
    "tm:return",
    "tm:roar",
    "tm:rockclimb",
    "tm:rockpolish",
    "tm:rockslide",
    "tm:rocksmash",
    "tm:rocktomb",
    "tm:round",
    "tm:safeguard",
    "tm:sandstorm",
    "tm:secretpower",
    "tm:sleeptalk",
    "tm:solarbeam",
    "tm:stealthrock",
    "tm:stoneedge",
    "tm:strength",
    "tm:substitute",
    "tm:sunnyday",
    "tm:swagger",
    "tm:swordsdance",
    "tm:toxic",
    "tm:workup",
    "tutor:block",
    "tutor:earthpower",
    "tutor:earthquake",
    "tutor:frenzyplant",
    "tutor:gigadrain",
    "tutor:grasspledge",
    "tutor:headbutt",
    "tutor:ironhead",
    "tutor:irontail",
    "tutor:mudslap",
    "tutor:outrage",
    "tutor:seedbomb",
    "tutor:sleeptalk",
    "tutor:snore",
    "tutor:stealthrock",
    "tutor:stompingtantrum",
    "tutor:stoneedge",
    "tutor:superpower",
    "tutor:synthesis",
    "tutor:woodhammer",
    "tutor:worryseed"
  ],
  "labels": [
    "gen4"
  ],
  "pokedex": [
    "cobblemon.species.torterra.desc"
  ],
  "preEvolution": "grotle",
  "evolutions": [],
  "baseScale": 1,
  "hitbox": {
    "width": 1,
    "height": 1,
    "fixed": false
  },
  "baseFriendship": 70,
  "evYield": {
    "hp": 0,
    "attack": 2,
    "defence": 1,
    "special_attack": 0,
    "special_defence": 0,
    "speed": 0
  },
  "height": 22,
  "weight": 3100,
  "aspects": [],
  "cannotDynamax": false
}