{
  "target": "cobblemon:ekans",
  "features": ["twilight","snake-pattern"],
  "implemented": true,
  "name": "Ekans",
  "nationalPokedexNumber": 23,
  "primaryType": "poison",
  "abilities": [
    "intimidate",
    "shedskin",
    "h:unnerve"
  ],
  "baseStats": {
    "hp": 35,
    "attack": 60,
    "defence": 44,
    "special_attack": 40,
    "special_defence": 54,
    "speed": 55
  },
  "behaviour": {
    "resting": {
      "canSleep": true,
      "willSleepOnBed": false,
      "depth": "normal",
      "light": "0-4"
    }
  },
  "catchRate": 255,
  "maleRatio": 0.5,
  "shoulderMountable": false,
  "forms": [
    {
      "implemented": true,
      "name": "Twilight Ekans",
      "nationalPokedexNumber": 23,
      "primaryType": "poison",
      "secondaryType": "steel",
      "abilities": [
        "marvelscale",
        "h:multiscale"
      ],
      "baseStats": {
        "hp": 45,
        "attack": 60,
        "defence": 64,
        "special_attack": 20,
        "special_defence": 54,
        "speed": 55
      },
      "behaviour": {
        "resting": {
          "canSleep": true,
          "willSleepOnBed": false,
          "depth": "normal",
          "light": "0-4"
        }
      },
      "features": [
      ],
      "catchRate": 255,
      "maleRatio": 0.5,
      "shoulderMountable": false,
      "baseExperienceYield": 58,
      "experienceGroup": "medium_fast",
      "eggCycles": 20,
      "eggGroups": [
        "field",
        "dragon"
      ],
      "drops": {
        "amount": 2,
        "entries": [
          {
            "item": "twilightforest:naga_scale",
            "quantityRange": "0-2"
          },
          {
            "item": "cobblemon:razor_fang",
            "percentage": 1.0
          }
        ]
      },
      "moves": [
        "1:leer",
        "1:wrap",
        "4:poisonfang",
        "9:bite",
        "12:glare",
        "17:screech",
        "20:gyroball",
        "25:irondefense",
        "28:ironhead",
        "33:poisontail",
        "36:irontail",
        "38:poisonjab",
        "41:steelroller",
        "44:coil",
        "49:gunkshot",
        "egg:beatup",
        "egg:disable",
        "egg:irontail",
        "egg:poisonfang",
        "egg:poisontail",
        "egg:pursuit",
        "egg:scaryface",
        "egg:slam",
        "egg:snatch",
        "egg:spite",
        "egg:suckerpunch",
        "egg:switcheroo",
        "tm:attract",
        "tm:brutalswing",
        "tm:bulldoze",
        "tm:captivate",
        "tm:confide",
        "tm:darkpulse",
        "tm:dig",
        "tm:doubleteam",
        "tm:earthquake",
        "tm:endure",
        "tm:facade",
        "tm:frustration",
        "tm:gigadrain",
        "tm:hiddenpower",
        "tm:infestation",
        "tm:irontail",
        "tm:naturalgift",
        "tm:payback",
        "tm:poisonjab",
        "tm:protect",
        "tm:raindance",
        "tm:rest",
        "tm:return",
        "tm:rockslide",
        "tm:rocktomb",
        "tm:round",
        "tm:secretpower",
        "tm:sleeptalk",
        "tm:sludgebomb",
        "tm:sludgewave",
        "tm:snatch",
        "tm:strength",
        "tm:substitute",
        "tm:sunnyday",
        "tm:swagger",
        "tm:thief",
        "tm:torment",
        "tm:toxic",
        "tm:venoshock",
        "tutor:acid",
        "tutor:aquatail",
        "tutor:attract",
        "tutor:beatup",
        "tutor:bide",
        "tutor:bind",
        "tutor:bite",
        "tutor:bodyslam",
        "tutor:crunch",
        "tutor:curse",
        "tutor:darkpulse",
        "tutor:dig",
        "tutor:doubleedge",
        "tutor:doubleteam",
        "tutor:earthquake",
        "tutor:endure",
        "tutor:facade",
        "tutor:fissure",
        "tutor:frustration",
        "tutor:gastroacid",
        "tutor:gigadrain",
        "tutor:glare",
        "tutor:gunkshot",
        "tutor:haze",
        "tutor:headbutt",
        "tutor:hiddenpower",
        "tutor:irontail",
        "tutor:leer",
        "tutor:megadrain",
        "tutor:mimic",
        "tutor:poisonjab",
        "tutor:poisonsting",
        "tutor:protect",
        "tutor:pursuit",
        "tutor:rage",
        "tutor:rest",
        "tutor:return",
        "tutor:rockslide",
        "tutor:screech",
        "tutor:seedbomb",
        "tutor:skullbash",
        "tutor:slam",
        "tutor:sleeptalk",
        "tutor:sludgebomb",
        "tutor:snatch",
        "tutor:snore",
        "tutor:spite",
        "tutor:strength",
        "tutor:substitute",
        "tutor:sunnyday",
        "tutor:swagger",
        "tutor:takedown",
        "tutor:thief",
        "tutor:toxic",
        "tutor:wrap"
      ],
      "labels": [
        "gen1"
      ],
      "pokedex": [
        "cobblemon.species.ekans.desc"
      ],
      "aspects": [
        "twilight"
      ],
      "evolutions": [
        {
          "id": "ekans_arbok_twilight",
          "variant": "level_up",
          "result": "arbok form=twilight",
          "consumeHeldItem": false,
          "learnableMoves": [],
          "requirements": [
            {
              "variant": "level",
              "minLevel": 22
            }
          ]
        }
      ],
      "baseScale": 0.8,
      "hitbox": {
        "width": 1.7,
        "height": 0.4,
        "fixed": false
      },
      "baseFriendship": 70,
      "evYield": {
        "hp": 0,
        "attack": 0,
        "defence": 1,
        "special_attack": 0,
        "special_defence": 0,
        "speed": 0
      },
      "height": 20,
      "weight": 69,
      "cannotDynamax": false
    }
  ],
  "baseExperienceYield": 58,
  "experienceGroup": "medium_fast",
  "eggCycles": 20,
  "eggGroups": [
    "field",
    "dragon"
  ],
  "drops": {
    "amount": 1,
    "entries": [
      {
        "item": "cobblemon:razor_fang",
        "percentage": 2.5
      }
    ]
  },
  "moves": [
    "1:leer",
    "1:wrap",
    "4:poisonsting",
    "9:bite",
    "12:glare",
    "17:screech",
    "20:acid",
    "25:spitup",
    "25:stockpile",
    "25:swallow",
    "28:acidspray",
    "33:mudbomb",
    "36:gastroacid",
    "38:belch",
    "41:haze",
    "44:coil",
    "49:gunkshot",
    "egg:beatup",
    "egg:disable",
    "egg:irontail",
    "egg:poisonfang",
    "egg:poisontail",
    "egg:pursuit",
    "egg:scaryface",
    "egg:slam",
    "egg:snatch",
    "egg:spite",
    "egg:suckerpunch",
    "egg:switcheroo",
    "tm:attract",
    "tm:brutalswing",
    "tm:bulldoze",
    "tm:captivate",
    "tm:confide",
    "tm:darkpulse",
    "tm:dig",
    "tm:doubleteam",
    "tm:earthquake",
    "tm:endure",
    "tm:facade",
    "tm:frustration",
    "tm:gigadrain",
    "tm:hiddenpower",
    "tm:infestation",
    "tm:irontail",
    "tm:naturalgift",
    "tm:payback",
    "tm:poisonjab",
    "tm:protect",
    "tm:raindance",
    "tm:rest",
    "tm:return",
    "tm:rockslide",
    "tm:rocktomb",
    "tm:round",
    "tm:secretpower",
    "tm:sleeptalk",
    "tm:sludgebomb",
    "tm:sludgewave",
    "tm:snatch",
    "tm:strength",
    "tm:substitute",
    "tm:sunnyday",
    "tm:swagger",
    "tm:thief",
    "tm:torment",
    "tm:toxic",
    "tm:venoshock",
    "tutor:acid",
    "tutor:aquatail",
    "tutor:attract",
    "tutor:beatup",
    "tutor:bide",
    "tutor:bind",
    "tutor:bite",
    "tutor:bodyslam",
    "tutor:crunch",
    "tutor:curse",
    "tutor:darkpulse",
    "tutor:dig",
    "tutor:doubleedge",
    "tutor:doubleteam",
    "tutor:earthquake",
    "tutor:endure",
    "tutor:facade",
    "tutor:fissure",
    "tutor:frustration",
    "tutor:gastroacid",
    "tutor:gigadrain",
    "tutor:glare",
    "tutor:gunkshot",
    "tutor:haze",
    "tutor:headbutt",
    "tutor:hiddenpower",
    "tutor:irontail",
    "tutor:leer",
    "tutor:megadrain",
    "tutor:mimic",
    "tutor:poisonjab",
    "tutor:poisonsting",
    "tutor:protect",
    "tutor:pursuit",
    "tutor:rage",
    "tutor:rest",
    "tutor:return",
    "tutor:rockslide",
    "tutor:screech",
    "tutor:seedbomb",
    "tutor:skullbash",
    "tutor:slam",
    "tutor:sleeptalk",
    "tutor:sludgebomb",
    "tutor:snatch",
    "tutor:snore",
    "tutor:spite",
    "tutor:strength",
    "tutor:substitute",
    "tutor:sunnyday",
    "tutor:swagger",
    "tutor:takedown",
    "tutor:thief",
    "tutor:toxic",
    "tutor:wrap"
  ],
  "labels": [
    "gen1"
  ],
  "pokedex": [
    "cobblemon.species.ekans.desc"
  ],
  "evolutions": [
    {
      "id": "ekans_arbok",
      "variant": "level_up",
      "result": "arbok",
      "consumeHeldItem": false,
      "learnableMoves": [],
      "requirements": [
        {
          "variant": "level",
          "minLevel": 22
        }
      ]
    }
  ],
  "baseScale": 0.8,
  "hitbox": {
    "width": 1.7,
    "height": 0.4,
    "fixed": false
  },
  "baseFriendship": 70,
  "evYield": {
    "hp": 0,
    "attack": 1,
    "defence": 0,
    "special_attack": 0,
    "special_defence": 0,
    "speed": 0
  },
  "height": 20,
  "weight": 69,
  "aspects": [],
  "cannotDynamax": false
}