{
  "target": "cobblemon:marowak",
  "implemented": true,
  "name": "Marowak",
  "nationalPokedexNumber": 105,
  "primaryType": "ground",
  "abilities": [
    "rockhead",
    "lightningrod",
    "h:battlearmor"
  ],
  "baseStats": {
    "hp": 60,
    "attack": 80,
    "defence": 110,
    "special_attack": 50,
    "special_defence": 80,
    "speed": 45
  },
  "catchRate": 75,
  "maleRatio": 0.5,
  "shoulderMountable": false,
  "forms": [
    {
      "name": "Twilight",
      "primaryType": "ground",
      "secondaryType": "grass",
      "abilities": [
        "infiltrator",
        "sapsipper",
        "h:magician"
      ],
      "baseStats": {
        "hp": 60,
        "attack": 50,
        "defence": 110,
        "special_attack": 80,
        "special_defence": 80,
        "speed": 45
      },
      "catchRate": 75,
      "maleRatio": 0.5,
      "baseExperienceYield": 149,
      "baseFriendship": 50,
      "evYield": {
        "hp": 0,
        "attack": 0,
        "defence": 2,
        "special_attack": 0,
        "special_defence": 0,
        "speed": 0
      },
      "experienceGroup": "medium_fast",
      "eggCycles": 20,
      "eggGroups": [
        "monster"
      ],
      "moves": [
        "1:substitute",
        "1:nastyplot",
        "1:focusenergy",
        "1:sleeppowder",
        "1:poisonpowder",
        "1:stunspore",
        "1:growl",
        "1:mudslap",
        "1:absorb",
        "12:nightshade",
        "16:round",
        "20:megadrain",
        "24:leechseed",
        "27:mudshot",
        "31:hex",
        "36:earthpower",
        "42:gigadrain",
        "48:scorchingsands",
        "54:energyball",
        "60:shadowball",
        "tm:aerialace",
        "tm:allyswitch",
        "tm:attract",
        "tm:blizzard",
        "tm:bodyslam",
        "tm:brickbreak",
        "tm:brutalswing",
        "tm:bulldoze",
        "tm:confide",
        "tm:darkpulse",
        "tm:dig",
        "tm:doubleteam",
        "tm:dreameater",
        "tm:earthpower",
        "tm:earthquake",
        "tm:echoedvoice",
        "tm:endure",
        "tm:facade",
        "tm:falseswipe",
        "tm:fireblast",
        "tm:firepunch",
        "tm:firespin",
        "tm:flamecharge",
        "tm:flamethrower",
        "tm:flareblitz",
        "tm:fling",
        "tm:focusblast",
        "tm:focusenergy",
        "tm:frustration",
        "tm:gigaimpact",
        "tm:heatwave",
        "tm:hex",
        "tm:hiddenpower",
        "tm:hyperbeam",
        "tm:icebeam",
        "tm:icywind",
        "tm:imprison",
        "tm:irondefense",
        "tm:ironhead",
        "tm:irontail",
        "tm:lowkick",
        "tm:megakick",
        "tm:megapunch",
        "tm:outrage",
        "tm:protect",
        "tm:raindance",
        "tm:rest",
        "tm:retaliate",
        "tm:return",
        "tm:rockslide",
        "tm:rocktomb",
        "tm:round",
        "tm:sandstorm",
        "tm:screech",
        "tm:shadowball",
        "tm:sleeptalk",
        "tm:smackdown",
        "tm:snore",
        "tm:stealthrock",
        "tm:stompingtantrum",
        "tm:stoneedge",
        "tm:substitute",
        "tm:sunnyday",
        "tm:swagger",
        "tm:swift",
        "tm:swordsdance",
        "tm:thief",
        "tm:throatchop",
        "tm:thunder",
        "tm:thunderbolt",
        "tm:thunderpunch",
        "tm:toxic",
        "tm:uproar",
        "tm:willowisp",
        "tutor:allyswitch",
        "tutor:blizzard",
        "tutor:boneclub",
        "tutor:bonemerang",
        "tutor:brickbreak",
        "tutor:burningjealousy",
        "tutor:darkpulse",
        "tutor:dig",
        "tutor:dreameater",
        "tutor:earthpower",
        "tutor:earthquake",
        "tutor:endeavor",
        "tutor:facade",
        "tutor:fireblast",
        "tutor:firepunch",
        "tutor:firespin",
        "tutor:flamethrower",
        "tutor:flareblitz",
        "tutor:focuspunch",
        "tutor:growl",
        "tutor:headbutt",
        "tutor:heatwave",
        "tutor:hyperbeam",
        "tutor:icebeam",
        "tutor:icywind",
        "tutor:irondefense",
        "tutor:ironhead",
        "tutor:irontail",
        "tutor:knockoff",
        "tutor:laserfocus",
        "tutor:leer",
        "tutor:lowkick",
        "tutor:outrage",
        "tutor:painsplit",
        "tutor:poltergeist",
        "tutor:protect",
        "tutor:rage",
        "tutor:rest",
        "tutor:rockslide",
        "tutor:scorchingsands",
        "tutor:screech",
        "tutor:seismictoss",
        "tutor:shadowball",
        "tutor:snore",
        "tutor:spite",
        "tutor:stealthrock",
        "tutor:stompingtantrum",
        "tutor:substitute",
        "tutor:swordsdance",
        "tutor:tailwhip",
        "tutor:thrash",
        "tutor:throatchop",
        "tutor:thunder",
        "tutor:thunderbolt",
        "tutor:thunderpunch",
        "tutor:toxic",
        "tutor:uproar",
        "tutor:willowisp"
      ],
      "labels": [
        "gen7"
      ],
      "aspects": [
        "twilight"
      ],
      "height": 10,
      "weight": 340,
      "preEvolution": "cubone twilight",
      "evolutions": [
        {
          "id": "marowak_necromarrow",
          "variant": "item_interact",
          "result": "necromarrow",
          "consumeHeldItem": false,
          "learnableMoves": [
            "astralbarrage"
          ],
          "requirements": [],
          "requiredContext": "cobblemon:dusk_stone"
        }
      ],
      "cannotDynamax": false,
      "battleOnly": false
    }
  ],
  "baseExperienceYield": 149,
  "experienceGroup": "medium_fast",
  "eggCycles": 20,
  "eggGroups": [
    "monster"
  ],
  "labels": [
    "gen1",
    "kanto_regional"
  ],
  "pokedex": [
    "cobblemon.species.marowak.desc"
  ],
  "features": [
    "twilight"
  ],
  "preEvolution": "cubone",
  "baseScale": 0.8,
  "hitbox": {
    "width": 0.9,
    "height": 1.3,
    "fixed": false
  },
  "baseFriendship": 50,
  "evYield": {
    "hp": 0,
    "attack": 0,
    "defence": 2,
    "special_attack": 0,
    "special_defence": 0,
    "speed": 0
  },
  "height": 10,
  "weight": 450
}