{
  "target": "cobblemon:paras",
  "features": ["twilight"],
  "implemented": true,
  "name": "Paras",
  "nationalPokedexNumber": 46,
  "primaryType": "bug",
  "secondaryType": "grass",
  "abilities": [
    "effectspore",
    "dryskin",
    "h:damp"
  ],
  "baseStats": {
    "hp": 35,
    "attack": 70,
    "defence": 55,
    "special_attack": 45,
    "special_defence": 55,
    "speed": 25
  },
  "behaviour": {
    "resting": {
      "canSleep": true,
      "willSleepOnBed": false,
      "depth": "normal",
      "light": "0-4"
    }
  },
  "catchRate": 190,
  "maleRatio": 0.5,
  "shoulderMountable": false,
  "forms": [
    {
      "implemented": true,
      "name": "Twilight Paras",
      "nationalPokedexNumber": 46,
      "primaryType": "bug",
      "secondaryType": "poison",
      "abilities": [
        "waterbubble",
        "h:waterabsorb"
      ],
      "baseStats": {
        "hp": 35,
        "attack": 45,
        "defence": 55,
        "special_attack": 70,
        "special_defence": 55,
        "speed": 25
      },
      "behaviour": {
        "resting": {
          "canSleep": true,
          "willSleepOnBed": false,
          "depth": "normal",
          "light": "0-4"
        }
      },
      "catchRate": 190,
      "maleRatio": 0.5,
      "shoulderMountable": false,
      "baseExperienceYield": 57,
      "experienceGroup": "medium_fast",
      "eggCycles": 20,
      "eggGroups": [
        "bug",
        "grass"
      ],
      "drops": {
        "amount": 3,
        "entries": [
          {
            "item": "minecraft:slime_ball",
            "quantityRange": "0-2"
          },
          {
            "item": "cobblemon:coba_berry",
            "percentage": 2.5
          }
        ]
      },
      "moves": [
        "1:toxic",
        "1:bubble",
        "4:banefulbunker",
        "6:infestation",
        "11:acid",
        "13:bubblebeam",
        "17:acidspray",
        "22:strugglebug",
        "25:bouncybubble",
        "27:venoshock",
        "33:acidarmor",
        "38:bugbuzz",
        "43:sludgebomb",
        "49:gigadrain",
        "54:quiverdance",
        "egg:agility",
        "egg:bugbite",
        "egg:counter",
        "egg:crosspoison",
        "egg:endure",
        "egg:falseswipe",
        "egg:fellstinger",
        "egg:flail",
        "egg:grassyterrain",
        "egg:leechseed",
        "egg:lightscreen",
        "egg:metalclaw",
        "egg:naturalgift",
        "egg:psybeam",
        "egg:pursuit",
        "egg:rototiller",
        "egg:screech",
        "egg:sweetscent",
        "egg:wideguard",
        "tm:aerialace",
        "tm:attract",
        "tm:brickbreak",
        "tm:bulletseed",
        "tm:captivate",
        "tm:confide",
        "tm:cut",
        "tm:dig",
        "tm:doubleteam",
        "tm:endure",
        "tm:energyball",
        "tm:facade",
        "tm:falseswipe",
        "tm:flash",
        "tm:frustration",
        "tm:gigadrain",
        "tm:grassknot",
        "tm:hiddenpower",
        "tm:honeclaws",
        "tm:leechlife",
        "tm:lightscreen",
        "tm:naturalgift",
        "tm:naturepower",
        "tm:protect",
        "tm:rest",
        "tm:return",
        "tm:rocksmash",
        "tm:round",
        "tm:secretpower",
        "tm:sleeptalk",
        "tm:sludgebomb",
        "tm:solarbeam",
        "tm:strugglebug",
        "tm:substitute",
        "tm:sunnyday",
        "tm:swagger",
        "tm:swordsdance",
        "tm:thief",
        "tm:toxic",
        "tm:venoshock",
        "tm:xscissor",
        "tutor:absorb",
        "tutor:afteryou",
        "tutor:attract",
        "tutor:bide",
        "tutor:bodyslam",
        "tutor:brickbreak",
        "tutor:bugbite",
        "tutor:counter",
        "tutor:crosspoison",
        "tutor:curse",
        "tutor:cut",
        "tutor:dig",
        "tutor:doubleedge",
        "tutor:doubleteam",
        "tutor:endure",
        "tutor:facade",
        "tutor:falseswipe",
        "tutor:flail",
        "tutor:flash",
        "tutor:frustration",
        "tutor:furycutter",
        "tutor:furyswipes",
        "tutor:gigadrain",
        "tutor:growth",
        "tutor:headbutt",
        "tutor:hiddenpower",
        "tutor:knockoff",
        "tutor:leechlife",
        "tutor:lightscreen",
        "tutor:megadrain",
        "tutor:mimic",
        "tutor:poisonpowder",
        "tutor:protect",
        "tutor:psybeam",
        "tutor:pursuit",
        "tutor:rage",
        "tutor:reflect",
        "tutor:refresh",
        "tutor:rest",
        "tutor:return",
        "tutor:rocksmash",
        "tutor:scratch",
        "tutor:screech",
        "tutor:seedbomb",
        "tutor:skullbash",
        "tutor:slash",
        "tutor:sleeppowder",
        "tutor:sleeptalk",
        "tutor:sludgebomb",
        "tutor:snore",
        "tutor:solarbeam",
        "tutor:spore",
        "tutor:stringshot",
        "tutor:stunspore",
        "tutor:substitute",
        "tutor:sunnyday",
        "tutor:swagger",
        "tutor:sweetscent",
        "tutor:swordsdance",
        "tutor:synthesis",
        "tutor:takedown",
        "tutor:thief",
        "tutor:toxic",
        "tutor:worryseed",
        "tutor:xscissor"
      ],
      "labels": [
        "gen1"
      ],
      "pokedex": [
        "cobblemon.species.paras.desc"
      ],
      "aspects": [
        "twilight"
      ],
      "evolutions": [
        {
          "id": "paras_parasect_twilight",
          "variant": "level_up",
          "result": "parasect form=twilight",
          "consumeHeldItem": false,
          "learnableMoves": [],
          "requirements": [
            {
              "variant": "level",
              "minLevel": 24
            }
          ]
        }
      ],
      "baseScale": 0.7,
      "hitbox": {
        "width": 1,
        "height": 0.5,
        "fixed": false
      },
      "baseFriendship": 70,
      "evYield": {
        "hp": 0,
        "attack": 1,
        "defence": 0,
        "special_attack": 0,
        "special_defence": 0,
        "speed": 0
      },
      "height": 3,
      "weight": 54,
      "cannotDynamax": false
    }
  ],
  "baseExperienceYield": 57,
  "experienceGroup": "medium_fast",
  "eggCycles": 20,
  "eggGroups": [
    "bug",
    "grass"
  ],
  "drops": {
    "amount": 3,
    "entries": [
      {
        "item": "minecraft:red_mushroom",
        "quantityRange": "0-2"
      },
      {
        "item": "cobblemon:coba_berry",
        "percentage": 2.5
      }
    ]
  },
  "moves": [
    "1:scratch",
    "6:poisonpowder",
    "6:stunspore",
    "11:absorb",
    "11:leechlife",
    "17:furycutter",
    "22:spore",
    "27:slash",
    "33:growth",
    "38:gigadrain",
    "43:aromatherapy",
    "49:ragepowder",
    "54:xscissor",
    "egg:agility",
    "egg:bugbite",
    "egg:counter",
    "egg:crosspoison",
    "egg:endure",
    "egg:falseswipe",
    "egg:fellstinger",
    "egg:flail",
    "egg:grassyterrain",
    "egg:leechseed",
    "egg:lightscreen",
    "egg:metalclaw",
    "egg:naturalgift",
    "egg:psybeam",
    "egg:pursuit",
    "egg:rototiller",
    "egg:screech",
    "egg:sweetscent",
    "egg:wideguard",
    "tm:aerialace",
    "tm:attract",
    "tm:brickbreak",
    "tm:bulletseed",
    "tm:captivate",
    "tm:confide",
    "tm:cut",
    "tm:dig",
    "tm:doubleteam",
    "tm:endure",
    "tm:energyball",
    "tm:facade",
    "tm:falseswipe",
    "tm:flash",
    "tm:frustration",
    "tm:gigadrain",
    "tm:grassknot",
    "tm:hiddenpower",
    "tm:honeclaws",
    "tm:leechlife",
    "tm:lightscreen",
    "tm:naturalgift",
    "tm:naturepower",
    "tm:protect",
    "tm:rest",
    "tm:return",
    "tm:rocksmash",
    "tm:round",
    "tm:secretpower",
    "tm:sleeptalk",
    "tm:sludgebomb",
    "tm:solarbeam",
    "tm:strugglebug",
    "tm:substitute",
    "tm:sunnyday",
    "tm:swagger",
    "tm:swordsdance",
    "tm:thief",
    "tm:toxic",
    "tm:venoshock",
    "tm:xscissor",
    "tutor:absorb",
    "tutor:afteryou",
    "tutor:attract",
    "tutor:bide",
    "tutor:bodyslam",
    "tutor:brickbreak",
    "tutor:bugbite",
    "tutor:counter",
    "tutor:crosspoison",
    "tutor:curse",
    "tutor:cut",
    "tutor:dig",
    "tutor:doubleedge",
    "tutor:doubleteam",
    "tutor:endure",
    "tutor:facade",
    "tutor:falseswipe",
    "tutor:flail",
    "tutor:flash",
    "tutor:frustration",
    "tutor:furycutter",
    "tutor:furyswipes",
    "tutor:gigadrain",
    "tutor:growth",
    "tutor:headbutt",
    "tutor:hiddenpower",
    "tutor:knockoff",
    "tutor:leechlife",
    "tutor:lightscreen",
    "tutor:megadrain",
    "tutor:mimic",
    "tutor:poisonpowder",
    "tutor:protect",
    "tutor:psybeam",
    "tutor:pursuit",
    "tutor:rage",
    "tutor:reflect",
    "tutor:refresh",
    "tutor:rest",
    "tutor:return",
    "tutor:rocksmash",
    "tutor:scratch",
    "tutor:screech",
    "tutor:seedbomb",
    "tutor:skullbash",
    "tutor:slash",
    "tutor:sleeppowder",
    "tutor:sleeptalk",
    "tutor:sludgebomb",
    "tutor:snore",
    "tutor:solarbeam",
    "tutor:spore",
    "tutor:stringshot",
    "tutor:stunspore",
    "tutor:substitute",
    "tutor:sunnyday",
    "tutor:swagger",
    "tutor:sweetscent",
    "tutor:swordsdance",
    "tutor:synthesis",
    "tutor:takedown",
    "tutor:thief",
    "tutor:toxic",
    "tutor:worryseed",
    "tutor:xscissor"
  ],
  "labels": [
    "gen1"
  ],
  "pokedex": [
    "cobblemon.species.paras.desc"
  ],
  "evolutions": [
    {
      "id": "paras_parasect",
      "variant": "level_up",
      "result": "parasect",
      "consumeHeldItem": false,
      "learnableMoves": [],
      "requirements": [
        {
          "variant": "level",
          "minLevel": 24
        }
      ]
    }
  ],
  "baseScale": 0.7,
  "hitbox": {
    "width": 1,
    "height": 0.5,
    "fixed": false
  },
  "baseFriendship": 70,
  "evYield": {
    "hp": 0,
    "attack": 1,
    "defence": 0,
    "special_attack": 0,
    "special_defence": 0,
    "speed": 0
  },
  "height": 3,
  "weight": 54,
  "aspects": [],
  "cannotDynamax": false
}