{
  "target": "cobblemon:parasect",
  "features": ["twilight"],
  "implemented": true,
  "name": "Parasect",
  "nationalPokedexNumber": 47,
  "primaryType": "bug",
  "secondaryType": "grass",
  "abilities": [
    "effectspore",
    "dryskin",
    "h:damp"
  ],
  "baseStats": {
    "hp": 60,
    "attack": 95,
    "defence": 80,
    "special_attack": 60,
    "special_defence": 80,
    "speed": 30
  },
  "behaviour": {
    "moving": {
      "canLook": false,
      "wanderChance": 20,
      "walking": {
        "walkSpeed": 0.45
      }
    },
    "resting": {
      "canSleep": true,
      "willSleepOnBed": false,
      "depth": "normal",
      "light": "0-4"
    }
  },
  "catchRate": 75,
  "maleRatio": 0.5,
  "shoulderMountable": false,
  "forms":[
    {
      "implemented": true,
      "name": "Twilight Parasect",
      "nationalPokedexNumber": 47,
      "primaryType": "bug",
      "secondaryType": "poison",
      "abilities": [
        "waterbubble",
        "h:waterabsorb"
      ],
      "baseStats": {
        "hp": 85,
        "attack": 60,
        "defence": 80,
        "special_attack": 95,
        "special_defence": 100,
        "speed": 30
      },
      "behaviour": {
        "moving": {
          "canLook": false,
          "wanderChance": 20,
          "walking": {
            "walkSpeed": 0.45
          }
        },
        "resting": {
          "canSleep": true,
          "willSleepOnBed": false,
          "depth": "normal",
          "light": "0-4"
        }
      },
      "catchRate": 75,
      "maleRatio": 0.5,
      "shoulderMountable": false,
      "baseExperienceYield": 142,
      "experienceGroup": "medium_fast",
      "eggCycles": 20,
      "eggGroups": [
        "bug",
        "grass"
      ],
      "drops": {
        "amount": 2,
        "entries": [
          {
            "item": "minecraft:slime_ball"
          },
          {
            "item": "cobblemon:coba_berry",
            "percentage": 5.0
          }
        ]
      },
      "moves": [
        "1:bubble",
        "1:toxic",
        "1:infestation",
        "1:acidspray",
        "1:strugglebug",
        "1:banefulbunker",
        "1:bouncybubble",
        "17:bubblebeam",
        "22:toxic",
        "24:bouncybubble",
        "27:sludge",
        "30:venoshock",
        "37:acidarmor",
        "44:bugbuzz",
        "51:sludgebomb",
        "59:gigadrain",
        "66:quiverdance",
        "tm:aerialace",
        "tm:attract",
        "tm:brickbreak",
        "tm:bulletseed",
        "tm:captivate",
        "tm:confide",
        "tm:cut",
        "tm:dig",
        "tm:doubleteam",
        "tm:endure",
        "tm:energyball",
        "tm:facade",
        "tm:falseswipe",
        "tm:flash",
        "tm:frustration",
        "tm:gigadrain",
        "tm:gigaimpact",
        "tm:grassknot",
        "tm:hiddenpower",
        "tm:honeclaws",
        "tm:hyperbeam",
        "tm:leechlife",
        "tm:lightscreen",
        "tm:naturalgift",
        "tm:naturepower",
        "tm:protect",
        "tm:rest",
        "tm:return",
        "tm:rocksmash",
        "tm:round",
        "tm:secretpower",
        "tm:sleeptalk",
        "tm:sludgebomb",
        "tm:solarbeam",
        "tm:strugglebug",
        "tm:substitute",
        "tm:sunnyday",
        "tm:swagger",
        "tm:swordsdance",
        "tm:thief",
        "tm:toxic",
        "tm:venoshock",
        "tm:xscissor",
        "tutor:absorb",
        "tutor:afteryou",
        "tutor:attract",
        "tutor:bide",
        "tutor:bodyslam",
        "tutor:brickbreak",
        "tutor:bugbite",
        "tutor:counter",
        "tutor:curse",
        "tutor:cut",
        "tutor:dig",
        "tutor:doubleedge",
        "tutor:doubleteam",
        "tutor:endure",
        "tutor:facade",
        "tutor:flash",
        "tutor:frustration",
        "tutor:furycutter",
        "tutor:furyswipes",
        "tutor:gigadrain",
        "tutor:growth",
        "tutor:headbutt",
        "tutor:hiddenpower",
        "tutor:hyperbeam",
        "tutor:knockoff",
        "tutor:leechlife",
        "tutor:leechseed",
        "tutor:lightscreen",
        "tutor:megadrain",
        "tutor:mimic",
        "tutor:poisonpowder",
        "tutor:protect",
        "tutor:rage",
        "tutor:reflect",
        "tutor:rest",
        "tutor:return",
        "tutor:rocksmash",
        "tutor:scratch",
        "tutor:screech",
        "tutor:seedbomb",
        "tutor:skullbash",
        "tutor:slash",
        "tutor:sleeppowder",
        "tutor:sleeptalk",
        "tutor:sludgebomb",
        "tutor:snore",
        "tutor:solarbeam",
        "tutor:spore",
        "tutor:stringshot",
        "tutor:stunspore",
        "tutor:substitute",
        "tutor:sunnyday",
        "tutor:swagger",
        "tutor:sweetscent",
        "tutor:swordsdance",
        "tutor:synthesis",
        "tutor:takedown",
        "tutor:thief",
        "tutor:throatchop",
        "tutor:toxic",
        "tutor:worryseed",
        "tutor:xscissor"
      ],
      "labels": [
        "gen1"
      ],
      "pokedex": [
        "cobblemon.species.parasect.desc"
      ],
      "aspects": [
        "twilight"
      ],
      "preEvolution": "paras form=twilight",
      "evolutions": [],
      "baseScale": 0.8,
      "hitbox": {
        "width": 1.2,
        "height": 1.3,
        "fixed": false
      },
      "baseFriendship": 70,
      "evYield": {
        "hp": 0,
        "attack": 2,
        "defence": 1,
        "special_attack": 0,
        "special_defence": 0,
        "speed": 0
      },
      "height": 10,
      "weight": 295,
      "cannotDynamax": false
    }
  ],
  "baseExperienceYield": 142,
  "experienceGroup": "medium_fast",
  "eggCycles": 20,
  "eggGroups": [
    "bug",
    "grass"
  ],
  "drops": {
    "amount": 2,
    "entries": [
      {
        "item": "minecraft:red_mushroom"
      },
      {
        "item": "cobblemon:coba_berry",
        "percentage": 5.0
      }
    ]
  },
  "moves": [
    "1:absorb",
    "1:crosspoison",
    "1:leechlife",
    "1:poisonpowder",
    "1:scratch",
    "1:stunspore",
    "17:furycutter",
    "22:spore",
    "29:slash",
    "37:growth",
    "44:gigadrain",
    "51:aromatherapy",
    "59:ragepowder",
    "66:xscissor",
    "tm:aerialace",
    "tm:attract",
    "tm:brickbreak",
    "tm:bulletseed",
    "tm:captivate",
    "tm:confide",
    "tm:cut",
    "tm:dig",
    "tm:doubleteam",
    "tm:endure",
    "tm:energyball",
    "tm:facade",
    "tm:falseswipe",
    "tm:flash",
    "tm:frustration",
    "tm:gigadrain",
    "tm:gigaimpact",
    "tm:grassknot",
    "tm:hiddenpower",
    "tm:honeclaws",
    "tm:hyperbeam",
    "tm:leechlife",
    "tm:lightscreen",
    "tm:naturalgift",
    "tm:naturepower",
    "tm:protect",
    "tm:rest",
    "tm:return",
    "tm:rocksmash",
    "tm:round",
    "tm:secretpower",
    "tm:sleeptalk",
    "tm:sludgebomb",
    "tm:solarbeam",
    "tm:strugglebug",
    "tm:substitute",
    "tm:sunnyday",
    "tm:swagger",
    "tm:swordsdance",
    "tm:thief",
    "tm:toxic",
    "tm:venoshock",
    "tm:xscissor",
    "tutor:absorb",
    "tutor:afteryou",
    "tutor:attract",
    "tutor:bide",
    "tutor:bodyslam",
    "tutor:brickbreak",
    "tutor:bugbite",
    "tutor:counter",
    "tutor:curse",
    "tutor:cut",
    "tutor:dig",
    "tutor:doubleedge",
    "tutor:doubleteam",
    "tutor:endure",
    "tutor:facade",
    "tutor:flash",
    "tutor:frustration",
    "tutor:furycutter",
    "tutor:furyswipes",
    "tutor:gigadrain",
    "tutor:growth",
    "tutor:headbutt",
    "tutor:hiddenpower",
    "tutor:hyperbeam",
    "tutor:knockoff",
    "tutor:leechlife",
    "tutor:leechseed",
    "tutor:lightscreen",
    "tutor:megadrain",
    "tutor:mimic",
    "tutor:poisonpowder",
    "tutor:protect",
    "tutor:rage",
    "tutor:reflect",
    "tutor:rest",
    "tutor:return",
    "tutor:rocksmash",
    "tutor:scratch",
    "tutor:screech",
    "tutor:seedbomb",
    "tutor:skullbash",
    "tutor:slash",
    "tutor:sleeppowder",
    "tutor:sleeptalk",
    "tutor:sludgebomb",
    "tutor:snore",
    "tutor:solarbeam",
    "tutor:spore",
    "tutor:stringshot",
    "tutor:stunspore",
    "tutor:substitute",
    "tutor:sunnyday",
    "tutor:swagger",
    "tutor:sweetscent",
    "tutor:swordsdance",
    "tutor:synthesis",
    "tutor:takedown",
    "tutor:thief",
    "tutor:throatchop",
    "tutor:toxic",
    "tutor:worryseed",
    "tutor:xscissor"
  ],
  "labels": [
    "gen1"
  ],
  "pokedex": [
    "cobblemon.species.parasect.desc"
  ],
  "preEvolution": "paras",
  "evolutions": [],
  "baseScale": 0.8,
  "hitbox": {
    "width": 1.2,
    "height": 1.3,
    "fixed": false
  },
  "baseFriendship": 70,
  "evYield": {
    "hp": 0,
    "attack": 2,
    "defence": 1,
    "special_attack": 0,
    "special_defence": 0,
    "speed": 0
  },
  "height": 10,
  "weight": 295,
  "aspects": [],
  "cannotDynamax": false
}