{
  "implemented": true,
  "name": "Ninetales",
  "nationalPokedexNumber": 38,
  "primaryType": "fire",
  "abilities": [
    "flashfire",
    "h:drought"
  ],
  "baseStats": {
    "hp": 73,
    "attack": 76,
    "defence": 75,
    "special_attack": 81,
    "special_defence": 100,
    "speed": 100
  },
  "behaviour": {
    "resting": {
      "canSleep": true,
      "willSleepOnBed": false,
      "depth": "normal",
      "light": "0-4"
    }
  },
  "catchRate": 75,
  "maleRatio": 0.25,
  "shoulderMountable": false,
  "forms": [
    {
      "name": "Alola",
      "primaryType": "ice",
      "secondaryType": "fairy",
      "abilities": [
        "snowcloak",
        "h:snowwarning"
      ],
      "baseStats": {
        "hp": 73,
        "attack": 67,
        "defence": 75,
        "special_attack": 81,
        "special_defence": 100,
        "speed": 109
      },
      "catchRate": 75,
      "maleRatio": 0.25,
      "baseExperienceYield": 177,
      "baseFriendship": 50,
      "evYield": {
        "hp": 0,
        "attack": 0,
        "defence": 0,
        "special_attack": 0,
        "special_defence": 0,
        "speed": 2
      },
      "experienceGroup": "medium_fast",
      "eggCycles": 20,
      "eggGroups": [
        "field"
      ],
      "drops": {
        "amount": 6,
        "entries": [
          {
            "item": "minecraft:sweet_berries",
            "quantityRange": "2-4"
          },
          {
            "item": "twilightforest:arctic_fur",
            "quantityRange": "0-2"
          },
          {
            "item": "cobblemon:ice_stone",
            "percentage": 5.0
          }
        ]
      },
      "moves": [
        "1:aurorabeam",
        "1:auroraveil",
        "1:blizzard",
        "1:confuseray",
        "1:dazzlinggleam",
        "1:disable",
        "1:extrasensory",
        "1:grudge",
        "1:icebeam",
        "1:iceshard",
        "1:icywind",
        "1:imprison",
        "1:mist",
        "1:nastyplot",
        "1:powdersnow",
        "1:safeguard",
        "1:sheercold",
        "1:spite",
        "1:tailwhip",
        "tm:agility",
        "tm:attract",
        "tm:auroraveil",
        "tm:avalanche",
        "tm:blizzard",
        "tm:bodyslam",
        "tm:calmmind",
        "tm:charm",
        "tm:confide",
        "tm:darkpulse",
        "tm:dazzlinggleam",
        "tm:dig",
        "tm:doubleteam",
        "tm:drainingkiss",
        "tm:dreameater",
        "tm:encore",
        "tm:endure",
        "tm:facade",
        "tm:faketears",
        "tm:foulplay",
        "tm:frostbreath",
        "tm:frustration",
        "tm:gigaimpact",
        "tm:hail",
        "tm:hex",
        "tm:hiddenpower",
        "tm:hyperbeam",
        "tm:icebeam",
        "tm:icywind",
        "tm:imprison",
        "tm:irontail",
        "tm:mistyterrain",
        "tm:nastyplot",
        "tm:payback",
        "tm:powerswap",
        "tm:protect",
        "tm:psychup",
        "tm:psyshock",
        "tm:raindance",
        "tm:rest",
        "tm:return",
        "tm:roar",
        "tm:round",
        "tm:safeguard",
        "tm:sleeptalk",
        "tm:snore",
        "tm:solarbeam",
        "tm:storedpower",
        "tm:substitute",
        "tm:swagger",
        "tm:swift",
        "tm:tailslap",
        "tm:toxic",
        "tm:weatherball",
        "tm:wonderroom",
        "tm:zenheadbutt",
        "tutor:aquatail",
        "tutor:blizzard",
        "tutor:calmmind",
        "tutor:covet",
        "tutor:darkpulse",
        "tutor:dazzlinggleam",
        "tutor:dig",
        "tutor:dreameater",
        "tutor:facade",
        "tutor:foulplay",
        "tutor:headbutt",
        "tutor:healbell",
        "tutor:hyperbeam",
        "tutor:hypnosis",
        "tutor:icebeam",
        "tutor:iceshard",
        "tutor:icywind",
        "tutor:irontail",
        "tutor:laserfocus",
        "tutor:mist",
        "tutor:nastyplot",
        "tutor:painsplit",
        "tutor:protect",
        "tutor:reflect",
        "tutor:rest",
        "tutor:roleplay",
        "tutor:snore",
        "tutor:spite",
        "tutor:substitute",
        "tutor:tackle",
        "tutor:tailwhip",
        "tutor:toxic",
        "tutor:tripleaxel",
        "tutor:wonderroom",
        "tutor:zenheadbutt"
      ],
      "labels": [
        "gen7",
        "alola_regional"
      ],
      "aspects": [
        "alolan"
      ],
      "height": 11,
      "weight": 199,
      "preEvolution": "vulpix form=alola",
      "evolutions": [],
      "cannotDynamax": false,
      "battleOnly": false
    }
  ],
  "baseExperienceYield": 177,
  "experienceGroup": "medium_fast",
  "eggCycles": 20,
  "eggGroups": [
    "field"
  ],
  "drops": {
    "amount": 6,
    "entries": [
      {
        "item": "minecraft:sweet_berries",
        "quantityRange": "2-4"
      },
      {
        "item": "minecraft:charcoal",
        "percentage": 5.0
      },
      {
        "item": "cobblemon:rawst_berry",
        "percentage": 5.0
      }
    ]
  },
  "moves": [
    "1:confuseray",
    "1:disable",
    "1:ember",
    "1:extrasensory",
    "1:fireblast",
    "1:firespin",
    "1:flamethrower",
    "1:grudge",
    "1:imprison",
    "1:incinerate",
    "1:inferno",
    "1:nastyplot",
    "1:quickattack",
    "1:safeguard",
    "1:spite",
    "1:tailwhip",
    "1:willowisp",
    "tm:agility",
    "tm:attract",
    "tm:bodyslam",
    "tm:calmmind",
    "tm:captivate",
    "tm:confide",
    "tm:darkpulse",
    "tm:dig",
    "tm:doubleteam",
    "tm:dreameater",
    "tm:encore",
    "tm:endure",
    "tm:energyball",
    "tm:facade",
    "tm:faketears",
    "tm:fireblast",
    "tm:firespin",
    "tm:flamecharge",
    "tm:flamethrower",
    "tm:flareblitz",
    "tm:foulplay",
    "tm:frustration",
    "tm:gigaimpact",
    "tm:heatwave",
    "tm:hex",
    "tm:hiddenpower",
    "tm:hyperbeam",
    "tm:imprison",
    "tm:incinerate",
    "tm:irontail",
    "tm:mysticalfire",
    "tm:nastyplot",
    "tm:naturalgift",
    "tm:overheat",
    "tm:payback",
    "tm:powerswap",
    "tm:protect",
    "tm:psychup",
    "tm:psyshock",
    "tm:rest",
    "tm:return",
    "tm:roar",
    "tm:round",
    "tm:safeguard",
    "tm:secretpower",
    "tm:shadowball",
    "tm:sleeptalk",
    "tm:snore",
    "tm:solarbeam",
    "tm:storedpower",
    "tm:substitute",
    "tm:sunnyday",
    "tm:swagger",
    "tm:swift",
    "tm:tailslap",
    "tm:toxic",
    "tm:weatherball",
    "tm:willowisp",
    "tm:zenheadbutt",
    "tutor:attract",
    "tutor:bide",
    "tutor:bodyslam",
    "tutor:burningjealousy",
    "tutor:calmmind",
    "tutor:confuseray",
    "tutor:covet",
    "tutor:curse",
    "tutor:darkpulse",
    "tutor:dig",
    "tutor:doubleedge",
    "tutor:doubleteam",
    "tutor:dreameater",
    "tutor:ember",
    "tutor:endure",
    "tutor:facade",
    "tutor:fireblast",
    "tutor:firespin",
    "tutor:flamethrower",
    "tutor:foulplay",
    "tutor:frustration",
    "tutor:headbutt",
    "tutor:heatwave",
    "tutor:hiddenpower",
    "tutor:hyperbeam",
    "tutor:hypnosis",
    "tutor:irontail",
    "tutor:laserfocus",
    "tutor:mimic",
    "tutor:nastyplot",
    "tutor:ominouswind",
    "tutor:painsplit",
    "tutor:protect",
    "tutor:psyshock",
    "tutor:quickattack",
    "tutor:rage",
    "tutor:reflect",
    "tutor:rest",
    "tutor:return",
    "tutor:roar",
    "tutor:roleplay",
    "tutor:safeguard",
    "tutor:scorchingsands",
    "tutor:skullbash",
    "tutor:sleeptalk",
    "tutor:snore",
    "tutor:solarbeam",
    "tutor:spite",
    "tutor:substitute",
    "tutor:sunnyday",
    "tutor:swagger",
    "tutor:swift",
    "tutor:tackle",
    "tutor:tailwhip",
    "tutor:takedown",
    "tutor:toxic",
    "tutor:willowisp",
    "tutor:zenheadbutt"
  ],
  "labels": [
    "gen1",
    "kanto_regional"
  ],
  "pokedex": [
    "cobblemon.species.ninetales.desc"
  ],
  "features": [
    "alolan"
  ],
  "preEvolution": "vulpix",
  "evolutions": [],
  "baseScale": 0.8,
  "hitbox": {
    "width": 1.1,
    "height": 1.5,
    "fixed": false
  },
  "baseFriendship": 50,
  "evYield": {
    "hp": 0,
    "attack": 0,
    "defence": 0,
    "special_attack": 0,
    "special_defence": 1,
    "speed": 1
  },
  "height": 11,
  "weight": 199,
  "aspects": [],
  "cannotDynamax": false
}