{
  "species": "cobblemon:blastoise",
  "order": 1,
  "variations": [
    {
      "aspects": ["shadow"],
      "poser": "cobblemon:blastoise",
      "model": "cobblemon:blastoise.geo",
      "texture": "cobblemon:textures/pokemon/0009_blastoise/blastoise_shadow.png",
      "layers": [
        {
          "name": "emissive",
          "texture": "cobblemon:textures/pokemon/0009_blastoise/blastoise_shadow_emissive.png",
          "emissive": true
        }
      ]
    },
    {
      "aspects": [
        "shadow",
        "shiny"
      ],
      "texture": "cobblemon:textures/pokemon/0009_blastoise/blastoise_shadow_shiny.png"
    }
  ]
}