{
  "target": "cobblemon:dubwool",
  "features": [
    "sheared",
    "twilight"
  ],
  "implemented": true,
  "name": "Dubwool",
  "nationalPokedexNumber": 832,
  "primaryType": "normal",
  "abilities": [
    "fluffy",
    "steadfast",
    "h:bulletproof"
  ],
  "baseStats": {
    "hp": 72,
    "attack": 80,
    "defence": 100,
    "special_attack": 60,
    "special_defence": 90,
    "speed": 88
  },
  "catchRate": 127,
  "maleRatio": 0.5,
  "shoulderMountable": false,
  "forms": [
    {
      "name": "Twilight Dubwool",
      "primaryType": "fairy",
      "secondaryType": "fighting",
      "abilities": [
        "fluffy",
        "runaway",
        "h:bulletproof"
      ],
      "drops": {
        "amount": 3,
        "entries": [
          {
            "item": "minecraft:mutton",
            "quantityRange": "1-2"
          },
          {
            "item": "minecraft:pink_wool"
          }
        ]
      },
      "baseStats": {
        "hp": 102,
        "attack": 95,
        "defence": 100,
        "special_attack": 75,
        "special_defence": 90,
        "speed": 38
      },
      "catchRate": 255,
      "maleRatio": 0.5,
      "baseExperienceYield": 82,
      "baseFriendship": 50,
      "evYield": {
        "hp": 0,
        "attack": 0,
        "defence": 2,
        "special_attack": 0,
        "special_defence": 0,
        "speed": 0
      },
      "experienceGroup": "medium_fast",
      "eggCycles": 20,
      "eggGroups": [
        "field"
      ],
      "moves": [
        "1:wideguard",
        "1:craftyshield",
        "1:rocksmash",
        "1:charm",
        "1:defensecurl",
        "1:playrough",
        "8:disarmingvoice",
        "10:doublekick",
        "13:guardsplit",
        "16:jumpkick",
        "21:headbutt",
        "23:playrough",
        "25:circlethrow",
        "28:guardswap",
        "32:bodypress",
        "36:cottonguard",
        "40:spiritbreak",
        "43:highjumpkick",
        "47:aromaticmist",
        "50:superpower",
        "54:mistyterrain",
        "54:mistyexplosion",
        "egg:counter",
        "egg:stomp",
        "egg:swagger",
        "egg:doubleedge",
        "egg:doublekick",
        "egg:horndrill",
        "egg:hypnosis",
        "egg:morningsun",
        "egg:thrash",
        "tm:agility",
        "tm:attract",
        "tm:electroball",
        "tm:endure",
        "tm:facade",
        "tm:guardswap",
        "tm:payback",
        "tm:protect",
        "tm:rest",
        "tm:reversal",
        "tm:round",
        "tm:sleeptalk",
        "tm:snore",
        "tm:substitute",
        "tm:thunderwave",
        "tm:allyswitch",
        "tm:bodyslam",
        "tm:bounce",
        "tm:calmmind",
        "tm:charm",
        "tm:dazzlinggleam",
        "tm:futuresight",
        "tm:highhorsepower",
        "tm:imprison",
        "tm:irontail",
        "tm:lowkick",
        "tm:playrough",
        "tm:psychic",
        "tm:storedpower",
        "tm:swift",
        "tm:wildcharge",
        "tm:zenheadbutt",
        "tutor:confusion",
        "tutor:expandingforce",
        "tutor:fairywind",
        "tutor:growl",
        "tutor:tackle",
        "tutor:grassyglide"
      ],
      "labels": [
        "gen8"
      ],
      "aspects": [
        "twilight"
      ],
      "height": 13,
      "weight": 430,
      "evolutions": [
      ],
      "cannotDynamax": false,
      "battleOnly": false
    }
  ],
  "baseExperienceYield": 172,
  "experienceGroup": "medium_fast",
  "eggCycles": 15,
  "behaviour": {
    "resting": {
      "canSleep": true,
      "willSleepOnBed": false,
      "depth": "normal",
      "light": "0-4"
    }
  },
  "eggGroups": [
    "field"
  ],
  "drops": {
    "amount": 5,
    "entries": [
      {
        "item": "minecraft:mutton",
        "quantityRange": "1-3"
      },
      {
        "item": "minecraft:white_wool",
        "quantityRange": "1-2"
      }
    ]
  },
  "moves": [
    "1:copycat",
    "1:defensecurl",
    "1:growl",
    "1:tackle",
    "12:guardsplit",
    "16:doublekick",
    "21:headbutt",
    "27:takedown",
    "32:guardswap",
    "38:reversal",
    "44:cottonguard",
    "50:doubleedge",
    "56:lastresort",
    "tm:agility",
    "tm:attract",
    "tm:batonpass",
    "tm:bodypress",
    "tm:bodyslam",
    "tm:bounce",
    "tm:electroball",
    "tm:endure",
    "tm:facade",
    "tm:gigaimpact",
    "tm:guardswap",
    "tm:hyperbeam",
    "tm:megakick",
    "tm:payback",
    "tm:protect",
    "tm:rest",
    "tm:retaliate",
    "tm:reversal",
    "tm:round",
    "tm:sleeptalk",
    "tm:snore",
    "tm:substitute",
    "tm:swordsdance",
    "tm:thunderwave",
    "tm:wildcharge",
    "tm:zenheadbutt",
    "tutor:grassyglide"
  ],
  "labels": [
    "gen8"
  ],
  "pokedex": [
    "cobblemon.species.dubwool.desc"
  ],
  "preEvolution": "wooloo",
  "evolutions": [],
  "baseScale": 1.1,
  "hitbox": {
    "width": 1,
    "height": 1.3,
    "fixed": false
  },
  "baseFriendship": 50,
  "evYield": {
    "hp": 0,
    "attack": 0,
    "defence": 2,
    "special_attack": 0,
    "special_defence": 0,
    "speed": 0
  },
  "height": 13,
  "weight": 430,
  "aspects": [],
  "cannotDynamax": false
}