{
  "target": "cobblemon:wooloo",
  "features": [
    "sheared",
    "twilight"
  ],
  "implemented": true,
  "name": "Wooloo",
  "nationalPokedexNumber": 831,
  "primaryType": "normal",
  "abilities": [
    "fluffy",
    "runaway",
    "h:bulletproof"
  ],
  "baseStats": {
    "hp": 42,
    "attack": 40,
    "defence": 55,
    "special_attack": 40,
    "special_defence": 45,
    "speed": 48
  },
  "catchRate": 255,
  "maleRatio": 0.5,
  "shoulderMountable": false,
  "forms": [
    {
      "name": "Twilight Wooloo",
      "primaryType": "fairy",
      "secondaryType": "fighting",
      "abilities": [
        "fluffy",
        "runaway",
        "h:bulletproof"
      ],
      "drops": {
        "amount": 3,
        "entries": [
          {
            "item": "minecraft:mutton",
            "quantityRange": "1-2"
          },
          {
            "item": "minecraft:pink_wool"
          }
        ]
      },
      "baseStats": {
        "hp": 42,
        "attack": 40,
        "defence": 55,
        "special_attack": 40,
        "special_defence": 45,
        "speed": 48
      },
      "catchRate": 255,
      "maleRatio": 0.5,
      "baseExperienceYield": 82,
      "baseFriendship": 50,
      "evYield": {
        "hp": 0,
        "attack": 0,
        "defence": 1,
        "special_attack": 0,
        "special_defence": 0,
        "speed": 0
      },
      "experienceGroup": "medium_fast",
      "eggCycles": 20,
      "eggGroups": [
        "field"
      ],
      "moves": [
        "1:craftyshield",
        "1:tackle",
        "1:defensecurl",
        "1:charm",
        "4:rocksmash",
        "8:disarmingvoice",
        "10:doublekick",
        "13:guardsplit",
        "16:jumpkick",
        "21:headbutt",
        "23:playrough",
        "25:cottonguard",
        "28:guardswap",
        "32:circlethrow",
        "36:bodypress",
        "40:spiritbreak",
        "43:highjumpkick",
        "47:aromaticmist",
        "50:superpower",
        "54:mistyterrain",
        "54:mistyexplosion",
        "egg:counter",
        "egg:stomp",
        "egg:swagger",
        "egg:doubleedge",
        "egg:doublekick",
        "egg:horndrill",
        "egg:hypnosis",
        "egg:morningsun",
        "egg:thrash",
        "tm:agility",
        "tm:attract",
        "tm:electroball",
        "tm:endure",
        "tm:facade",
        "tm:guardswap",
        "tm:payback",
        "tm:protect",
        "tm:rest",
        "tm:reversal",
        "tm:round",
        "tm:sleeptalk",
        "tm:snore",
        "tm:substitute",
        "tm:thunderwave",
        "tm:allyswitch",
        "tm:bodyslam",
        "tm:bounce",
        "tm:calmmind",
        "tm:charm",
        "tm:dazzlinggleam",
        "tm:futuresight",
        "tm:highhorsepower",
        "tm:imprison",
        "tm:irontail",
        "tm:lowkick",
        "tm:playrough",
        "tm:psychic",
        "tm:storedpower",
        "tm:swift",
        "tm:wildcharge",
        "tm:zenheadbutt",
        "tutor:confusion",
        "tutor:expandingforce",
        "tutor:fairywind",
        "tutor:growl",
        "tutor:tackle",
        "tutor:grassyglide"
      ],
      "labels": [
        "gen8"
      ],
      "aspects": [
        "twilight"
      ],
      "height": 6,
      "weight": 60,
      "evolutions": [
        {
          "id": "wooloo_dubwool_twilight",
          "variant": "level_up",
          "result": "dubwool form=twilight",
          "consumeHeldItem": false,
          "learnableMoves": [
            "playrough"
          ],
          "requirements": [
            {
              "variant": "level",
              "minLevel": 24
            }
          ]
        }
      ],
      "cannotDynamax": false,
      "battleOnly": false
    }
  ],
  "baseExperienceYield": 122,
  "experienceGroup": "medium_fast",
  "eggCycles": 15,
  "eggGroups": [
    "field"
  ],
  "drops": {
    "amount": 3,
    "entries": [
      {
        "item": "minecraft:mutton",
        "quantityRange": "1-2"
      },
      {
        "item": "minecraft:white_wool"
      }
    ]
  },
  "moves": [
    "1:growl",
    "1:tackle",
    "4:defensecurl",
    "8:copycat",
    "12:guardsplit",
    "16:doublekick",
    "21:headbutt",
    "25:takedown",
    "28:guardswap",
    "32:reversal",
    "36:cottonguard",
    "40:doubleedge",
    "egg:counter",
    "egg:stomp",
    "egg:swagger",
    "tm:agility",
    "tm:attract",
    "tm:electroball",
    "tm:endure",
    "tm:facade",
    "tm:guardswap",
    "tm:payback",
    "tm:protect",
    "tm:rest",
    "tm:reversal",
    "tm:round",
    "tm:sleeptalk",
    "tm:snore",
    "tm:substitute",
    "tm:thunderwave",
    "tm:wildcharge",
    "tutor:grassyglide"
  ],
  "labels": [
    "gen8"
  ],
  "pokedex": [
    "cobblemon.species.wooloo.desc"
  ],
  "evolutions": [
    {
      "id": "wooloo_dubwool",
      "variant": "level_up",
      "result": "dubwool",
      "consumeHeldItem": false,
      "learnableMoves": [],
      "requirements": [
        {
          "variant": "level",
          "minLevel": 24
        }
      ]
    }
  ],
  "baseScale": 1.1,
  "hitbox": {
    "width": 0.9,
    "height": 1,
    "fixed": false
  },
  "baseFriendship": 50,
  "evYield": {
    "hp": 0,
    "attack": 0,
    "defence": 1,
    "special_attack": 0,
    "special_defence": 0,
    "speed": 0
  },
  "height": 6,
  "weight": 60,
  "aspects": [],
  "cannotDynamax": false
}