{
    "enabled": true,
    "neededInstalledMods": [],
    "neededUninstalledMods": [],
    "spawns": [
		{
            "id": "ninetales-alolan-twilight-1",
            "pokemon": "ninetales alolan",
            "presets": [
                "natural"
            ],
            "type": "pokemon",
            "context": "grounded",
            "bucket": "uncommon",
            "level": "35-50",
            "weight": 10.0,
            "condition": {
                "maxY": 30,
                "biomes": [
                    "twilightforest:snowy_forest"
                ]
            }
        }
    ]
}