{
    "enabled": true,
    "neededInstalledMods": [],
    "neededUninstalledMods": [],
    "spawns": [
        {
            "id": "voltorb-twilight-1",
            "pokemon": "voltorb hisuian",
            "presets": [
                "natural"
            ],
            "type": "pokemon",
            "context": "grounded",
            "bucket": "common",
            "level": "5-30",
            "weight": 10,
            "condition": {
                "biomes": [
                    "twilightforest:dense_forest",
                    "twilightforest:dense_mushroom_forest"
                ]
            }
        }
    ]
}