{
    "enabled": true,
    "neededInstalledMods": [],
    "neededUninstalledMods": [],
    "spawns": [
        {
            "id": "electrode-twilight-1",
            "pokemon": "electrode hisuian",
            "presets": [
                "natural"
            ],
            "type": "pokemon",
            "context": "grounded",
            "bucket": "uncommon",
            "level": "21-39",
            "weight": 10,
            "condition": {
                "biomes": [
                    "twilightforest:dense_forest",
                    "twilightforest:dense_mushroom_forest"
                ]
            }
        }
    ]
}