{
    "enabled": true,
    "neededInstalledMods": [],
    "neededUninstalledMods": [],
    "spawns": [
		{
            "id": "exeggcute-twilight-1",
            "pokemon": "exeggcute",
            "presets": [
                "natural"
            ],
            "type": "pokemon",
            "context": "grounded",
            "bucket": "common",
            "level": "8-23",
            "weight": 10.0,
            "condition": {
                "biomes": [
                    "twilightforest:dense_forest",
                    "twilightforest:forest",
                    "twilightforest:firefly_forest"
                ]
            }
        }
    ]
}