{
    "enabled": true,
    "neededInstalledMods": [],
    "neededUninstalledMods": [],
    "spawns": [
        {
            "id": "rhyhorn-twilight-1",
            "pokemon": "rhyhorn",
            "presets": [
                "natural"
            ],
            "type": "pokemon",
            "context": "grounded",
            "bucket": "common",
            "level": "10-25",
            "weight": 10.0,
            "condition": {
                "biomes": [
                    "twilightforest:oak_savannah"
                ]
            }
        }
    ]
}