{
    "enabled": true,
    "neededInstalledMods": [],
    "neededUninstalledMods": [],
    "spawns": [
        {
            "id": "flareon-twilight",
            "pokemon": "flareon",
            "presets": [
                "natural"
            ],
            "type": "pokemon",
            "context": "grounded",
            "bucket": "rare",
            "level": "35-50",
            "weight": 10.0,
            "condition": {
                "biomes": [
                    "twilightforest:fire_swamp"
                ]
            }
        }
    ]
}