{
    "enabled": "true",
    "neededInstalledMods": [],
    "neededUninstalledMods": [],
    "spawns": [
        {
            "id": "hoothoot-twilight-1",
            "pokemon": "hoothoot",
            "presets": [
                "natural"
            ],
            "type": "pokemon",
            "context": "grounded",
            "bucket": "common",
            "level": "5-20",
            "weight": 10.0,
            "condition": {
                "biomes": [
                    "twilightforest:forest",
                    "twilightforest:dense_forest",
                    "twilightforest:mushroom_forest",
                    "twilightforest:dense_mushroom_forest",
                    "twilightforest:firefly_forest"
                ]
            }
        }
    ]
}