{
    "enabled": true,
    "neededInstalledMods": [],
    "neededUninstalledMods": [],
    "spawns": [
        {
            "id": "murkrow-twilight-1",
            "pokemon": "murkrow",
            "presets": [
                "natural"
            ],
            "type": "pokemon",
            "context": "grounded",
            "bucket": "common",
            "level": "5-15",
            "weight": 10.0,
            "condition": {
                "biomes": [
                    "#cobblemon:is_twilight_forest",
                    "twilightforest:oak_savannah",
                    "twilightforest:spooky_forest"
                ]
            }
        },
        {
            "id": "murkrow-twilight-2",
            "pokemon": "murkrow",
            "presets": [
                "natural"
            ],
            "type": "pokemon",
            "context": "grounded",
            "bucket": "uncommon",
            "level": "25-35",
            "weight": 10.0,
            "condition": {
                "biomes": [
                    "twilightforest:dark_forest"
                ]
            }
        }
    ]
}