{
    "enabled": true,
    "neededInstalledMods": [],
    "neededUninstalledMods": [],
    "spawns": [
        {
            "id": "heracross-twilight-1",
            "pokemon": "heracross",
            "presets": [
                "natural"
            ],
            "type": "pokemon",
            "context": "grounded",
            "bucket": "uncommon",
            "level": "10-20",
            "weight": 10.0,
            "condition": {
                "biomes": [
                    "twilightforest:dense_mushroom_forest"
                ]
            }
        }
    ]
}