{
    "enabled": "true",
    "neededInstalledMods": [],
    "neededUninstalledMods": [],
    "spawns": [
        {
            "id": "mudkip-twilight",
            "pokemon": "mudkip",
            "presets": [
                "water_surface"
            ],
            "type": "pokemon",
            "context": "grounded",
            "bucket": "uncommon",
            "level": "20-40",
            "weight": 10.0,
            "condition": {
                "biomes": [
                    "twilightforest:swamp"
                ]
            }
        }
    ]
}