{
    "enabled": "true",
    "neededInstalledMods": [],
    "neededUninstalledMods": [],
    "spawns": [
        {
            "id": "poochyena-twilight-1",
            "pokemon": "poochyena",
            "presets": [
                "natural"
            ],
            "type": "pokemon",
            "context": "grounded",
            "bucket": "common",
            "level": "8-23",
            "weight": 10.0,
            "condition": {
                "biomes": [
                    "#cobblemon:is_twilight_forest",
                    "twilightforest:oak_savannah"
                ]
            },
            "anticondition": {
                "biomes": [
                    "twilightforest:firefly_forest"
                ]
            }
        },
        {
            "id": "poochyena-twilight-2",
            "pokemon": "poochyena",
            "presets": [
                "natural"
            ],
            "type": "pokemon",
            "context": "grounded",
            "bucket": "uncommon",
            "level": "28-38",
            "weight": 10.0,
            "condition": {
                "biomes": [
                    "twilightforest:dark_forest"
                ]
            }
        }
    ]
}