{
    "enabled": "true",
    "neededInstalledMods": [],
    "neededUninstalledMods": [],
    "spawns": [
        {
            "id": "taillow-twilight-1",
            "pokemon": "taillow",
            "presets": [
                "natural"
            ],
            "type": "pokemon",
            "context": "grounded",
            "bucket": "common",
            "level": "5-20",
            "weight": 10.0,
            "condition": {
                "biomes": [
                    "twilightforest:forest",
                    "twilightforest:mushroom_forest",
                    "twilightforest:firefly_forest",
                    "twilightforest:oak_savannah"
                ]
            }
        }
    ]
}