{
    "enabled": "true",
    "neededInstalledMods": [],
    "neededUninstalledMods": [],
    "spawns": [
        {
            "id": "ninjask-twilight-1",
            "pokemon": "ninjask",
            "presets": [
                "natural"
            ],
            "type": "pokemon",
            "context": "grounded",
            "bucket": "rare",
            "level": "20-30",
            "weight": 10.0,
            "condition": {
                "biomes": [
                    "#cobblemon:is_twilight_forest",
                    "twilightforest:oak_savannah"
                ]
            },
            "anticondition": {
                "biomes": [
                    "twilightforest:firefly_forest"
                ]
            }
        }
    ]
}