{
    "enabled": true,
    "neededInstalledMods": [],
    "neededUninstalledMods": [],
    "spawns": [
        {
            "id": "sableye-twilight-1",
            "pokemon": "sableye",
            "presets": [
                "natural"
            ],
            "type": "pokemon",
            "context": "grounded",
            "bucket": "uncommon",
            "level": "5-20",
            "weight": 10.0,
            "condition": {
                "canSeeSky": false,
                "biomes": [
                    "twilightforest:underground"
                ]
            }
        },
        {
            "id": "sableye-twilight-2",
            "pokemon": "sableye",
            "presets": [
                "hollow_hills"
            ],
            "type": "pokemon",
            "context": "grounded",
            "bucket": "common",
            "level": "15-30",
            "weight": 50.0,
            "condition": {
                "canSeeSky": false
            }
        },
        {
            "id": "sableye-twilight-1",
            "pokemon": "sableye",
            "presets": [
                "labyrinth"
            ],
            "type": "pokemon",
            "context": "grounded",
            "bucket": "uncommon",
            "level": "20-40",
            "weight": 10.0,
            "condition": {
                "biomes": [
                    "twilightforest:underground"
                ]
            }
        }
    ]
}