{
    "enabled": "true",
    "neededInstalledMods": [],
    "neededUninstalledMods": [],
    "spawns": [
        {
            "id": "vibrava-twilight-1",
            "pokemon": "vibrava",
            "presets": [
                "natural"
            ],
            "type": "pokemon",
            "context": "grounded",
            "bucket": "uncommon",
            "level": "27-45",
            "weight": 10.0,
            "condition": {
                "biomes": [
                    "twilightforest:oak_savannah"
                ]
            }
        }
    ]
}