{
    "enabled": "true",
    "neededInstalledMods": [],
    "neededUninstalledMods": [],
    "spawns": [
        {
            "id": "budew-twilight-1",
            "pokemon": "budew",
            "presets": [
                "natural"
            ],
            "type": "pokemon",
            "context": "grounded",
            "bucket": "common",
            "level": "2-15",
            "weight": 10.0,
            "condition": {
                "biomes": [
                    "#cobblemon:is_twilight_forest",
                    "twilightforest:oak_savannah"
                ]
            }
        }
    ]
}