{
    "enabled": "true",
    "neededInstalledMods": [],
    "neededUninstalledMods": [],
    "spawns": [
        {
            "id": "pachirisu-twilight-1",
            "pokemon": "pachirisu",
            "presets": [
                "natural"
            ],
            "type": "pokemon",
            "context": "grounded",
            "bucket": "common",
            "level": "3-20",
            "weight": 10.0,
            "condition": {
                "biomes": [
                    "#cobblemon:is_twilight_forest",
                    "twilightforest:enchanted_forest"
                ]
            }
        }
    ]
}