{
    "enabled": "true",
    "neededInstalledMods": [],
    "neededUninstalledMods": [],
    "spawns": [
        {
            "id": "hippopotas-twilight-1",
            "pokemon": "hippopotas",
            "presets": [
                "natural"
            ],
            "type": "pokemon",
            "context": "grounded",
            "bucket": "common",
            "level": "35-45",
            "weight": 10.0,
            "condition": {
                "biomes": [
                    "twilightforest:fire_swamp"
                ]
            }
        }
    ]
}