{
    "enabled": "true",
    "neededInstalledMods": [],
    "neededUninstalledMods": [],
    "spawns": [
        {
            "id": "serperior-twilight-1",
            "pokemon": "serperior",
            "presets": [
                "naga_courtyard"
            ],
            "type": "pokemon",
            "context": "grounded",
            "bucket": "rare",
            "level": "45-65",
            "weight": 50.0
        },
        {
            "id": "serperior-twilight-2",
            "pokemon": "serperior",
            "presets": [
                "natural"
            ],
            "type": "pokemon",
            "context": "grounded",
            "bucket": "rare",
            "level": "45-65",
            "weight": 10.0,
            "condition": {
                "biomes": [
                    "twilightforest:clearing"
                ]
            }
        }
    ]
}