{
    "enabled": true,
    "neededInstalledMods": [],
    "neededUninstalledMods": [],
    "spawns": [
        {
            "id": "lilligant-twilight-1",
            "pokemon": "lilligant hisuian",
            "presets": [
                "natural"
            ],
            "type": "pokemon",
            "context": "grounded",
            "bucket": "rare",
            "level": "25-45",
            "weight": 10,
            "condition": {
                "biomes": [
                    "twilightforest:forest",
                    "twilightforest:dense_forest",
                    "twilightforest:firefly_forest",
                    "twilightforest:enchanted_forest"
                ]
            }
        }
    ]
}