{
    "enabled": true,
    "neededInstalledMods": [],
    "neededUninstalledMods": [],
    "spawns": [
        {
            "id": "galvantula-twilight-1",
            "pokemon": "galvantula",
            "presets": [
                "dark_tower"
            ],
            "type": "pokemon",
            "context": "grounded",
            "bucket": "uncommon",
            "level": "35-50",
            "weight": 10.0,
            "condition": {
                "canSeeSky": false,
                "biomes": [
                    "twilightforest:dark_forest_center"
                ]
            }
        },
        {
            "id": "galvantula-twilight-2",
            "pokemon": "galvantula",
            "presets": [
                "natural"
            ],
            "type": "pokemon",
            "context": "grounded",
            "bucket": "common",
            "level": "50-66",
            "weight": 10.0,
            "condition": {
                "biomes": [
                    "twilightforest:highlands"
                ]
            }
        }
    ]
}