{
    "enabled": "true",
    "neededInstalledMods": [],
    "neededUninstalledMods": [],
    "spawns": [
        {
            "id": "braixen-twilight-1",
            "pokemon": "braixen",
            "presets": [
                "lich_tower"
            ],
            "type": "pokemon",
            "context": "grounded",
            "bucket": "rare",
            "level": "32-50",
            "weight": 100.0,
            "condition": {
                "canSeeSky": false
            }
        },
        {
            "id": "braixen-twilight-2",
            "pokemon": "braixen",
            "presets": [
                "natural"
            ],
            "type": "pokemon",
            "context": "grounded",
            "bucket": "rare",
            "level": "32-50",
            "weight": 10.0,
            "condition": {
                "biomes": [
                    "twilightforest:enchanted_forest"
                ]
            }
        }
    ]
}