{
    "enabled": true,
    "neededInstalledMods": [],
    "neededUninstalledMods": [],
    "spawns": [
		{
            "id": "amaura-twilight-1",
            "pokemon": "amaura",
            "presets": [
                "natural"
            ],
            "type": "pokemon",
            "context": "grounded",
            "bucket": "rare",
            "level": "25-35",
            "weight": 10.0,
            "condition": {
                "biomes": [
                    "twilightforest:snowy_forest"
                ]
            }
        },
        {
            "id": "amaura-twilight-2",
            "pokemon": "amaura",
            "presets": [
                "natural"
            ],
            "type": "pokemon",
            "context": "grounded",
            "bucket": "common",
            "level": "30-45",
            "weight": 10.0,
            "condition": {
                "biomes": [
                    "twilightforest:glacier"
                ]
            }
        }
    ]
}