{
    "enabled": "true",
    "neededInstalledMods": [],
    "neededUninstalledMods": [],
    "spawns": [
        {
            "id": "dartrix-twilight-1",
            "pokemon": "dartrix",
            "presets": [
                "natural"
            ],
            "type": "pokemon",
            "context": "grounded",
            "bucket": "rare",
            "level": "32-50",
            "weight": 10.0,
            "condition": {
                "biomes": [
                    "twilightforest:dark_forest"
                ]
            }
        }
    ]
}