{
    "enabled": "true",
    "neededInstalledMods": [],
    "neededUninstalledMods": [],
    "spawns": [
        {
            "id": "shiinotic-twilight-1",
            "pokemon": "shiinotic",
            "presets": [
                "natural"
            ],
            "type": "pokemon",
            "context": "grounded",
            "bucket": "uncommon",
            "level": "14-25",
            "weight": 10.0,
            "condition": {
                "biomes": [
                    "twilightforest:mushroom_forest",
                    "twilightforest:underground"
                ]
            }
        },
        {
            "id": "shiinotic-twilight-2",
            "pokemon": "shiinotic",
            "presets": [
                "natural"
            ],
            "type": "pokemon",
            "context": "grounded",
            "bucket": "common",
            "level": "14-30",
            "weight": 20.0,
            "condition": {
                "biomes": [
                    "twilightforest:dense_mushroom_forest"
                ]
            }
        },
        {
            "id": "shiinotic-twilight-3",
            "pokemon": "shiinotic",
            "presets": [
                "troll_cave"
            ],
            "type": "pokemon",
            "context": "grounded",
            "bucket": "common",
            "level": "60-75",
            "weight": 10.0,
            "condition": {
                "canSeeSky": false
            }
        }
    ]
}