{
  "species": "cobblemon:squirtle",
  "order": 1,
  "variations": [
    {
      "aspects": ["shadow"],
      "poser": "cobblemon:squirtle",
      "model": "cobblemon:squirtle.geo",
      "texture": "cobblemon:textures/pokemon/0007_squirtle/squirtle_shadow.png",
      "layers": [
        {
          "name": "emissive",
          "texture": "cobblemon:textures/pokemon/0007_squirtle/squirtle_shadow_emissive.png",
          "emissive": true
        }
      ]
    },
    {
      "aspects": [
        "shadow",
        "shiny"
      ],
      "texture": "cobblemon:textures/pokemon/0007_squirtle/squirtle_shadow_shiny.png"
    }
  ]
}