{
	"format_version": "1.12.0",
	"minecraft:geometry": [
		{
			"description": {
				"identifier": "geometry.azumarill",
				"texture_width": 64,
				"texture_height": 64,
				"visible_bounds_width": 5,
				"visible_bounds_height": 3.5,
				"visible_bounds_offset": [0, 1.25, 0]
			},
			"bones": [
				{
					"name": "root",
					"pivot": [0, 0, 0]
				},
				{
					"name": "body",
					"parent": "root",
					"pivot": [0, 2, 0]
				},
				{
					"name": "bone",
					"parent": "body",
					"pivot": [0, 2, 0],
					"cubes": [
						{"origin": [-4, 3, -4], "size": [8, 13, 8], "uv": [0, 0]},
						{"origin": [-2.7, 7.8, -4.01], "size": [2, 2, 0], "uv": [60, 4]},
						{"origin": [0.2, 8.4, -4.01], "size": [2, 2, 0], "uv": [60, 0]},
						{"origin": [-5.9, 7.7, -3.62], "size": [1, 1, 0], "pivot": [-4.4, 8.5, -4.01], "rotation": [0, 90, 0], "uv": [60, 2]},
						{"origin": [-3.8, 10.3, -4.01], "size": [1, 1, 0], "uv": [60, 2]},
						{"origin": [2.7, 10.1, -4.01], "size": [1, 1, 0], "uv": [60, 2]},
						{"origin": [4.9, 8.5, -3.62], "size": [1, 1, 0], "pivot": [4.4, 9, -4.01], "rotation": [0, -90, 0], "uv": [60, 2]},
						{"origin": [-3, 15, -3], "size": [6, 2, 6], "uv": [22, 23]},
						{"origin": [-3.5, 2, -3.5], "size": [7, 2, 7], "uv": [0, 43]}
					]
				},
				{
					"name": "face",
					"parent": "bone",
					"pivot": [0, 11.9, 3.9],
					"cubes": [
						{"origin": [1, 13.3, -4.1], "size": [2, 2, 0], "pivot": [2, 14.3, -4.1], "rotation": [0, 0, 5], "uv": [21, 25]},
						{"origin": [1.2, 14.2, -4.125], "size": [1, 1, 0], "pivot": [2, 14.3, -4.1], "rotation": [0, 0, 5], "uv": [60, 8]},
						{"origin": [-3, 13.3, -4.1], "size": [2, 2, 0], "pivot": [-2, 14.3, -4.1], "rotation": [0, 0, -5], "uv": [21, 25], "mirror": true},
						{"origin": [-2.2, 14.2, -4.125], "size": [1, 1, 0], "pivot": [-2, 14.3, -4.1], "rotation": [0, 0, -5], "uv": [60, 8], "mirror": true},
						{"origin": [-2, 11.1, -4.1], "size": [4, 2, 0], "uv": [32, 12]}
					]
				},
				{
					"name": "leftEar",
					"parent": "bone",
					"pivot": [2.5, 15, 0],
					"rotation": [2.5, 0, 10],
					"cubes": [
						{"origin": [0.82635, 15.98481, -1], "size": [3, 6, 1], "uv": [28, 36]},
						{"origin": [0.82635, 21.45473, -0.12646], "size": [3, 6, 1], "pivot": [2.5, 21, 0], "rotation": [55, 0, 0], "uv": [20, 36]}
					]
				},
				{
					"name": "rightEar",
					"parent": "bone",
					"pivot": [-2.5, 15, 0],
					"rotation": [2.5, 2.5, -10],
					"cubes": [
						{"origin": [-3.82635, 15.98481, -1], "size": [3, 6, 1], "uv": [12, 36]},
						{"origin": [-3.82635, 21.45473, -0.12646], "size": [3, 6, 1], "pivot": [-2.5, 21, 0], "rotation": [75, 0, 0], "uv": [0, 0]}
					]
				},
				{
					"name": "leftArm",
					"parent": "bone",
					"pivot": [4, 8, 0],
					"rotation": [20, 15, 47.5],
					"cubes": [
						{"origin": [3, 7, -1], "size": [4, 2, 2], "uv": [0, 36]},
						{"origin": [6.5, 6.9, -1.5], "size": [3, 2, 3], "pivot": [6, 8.2, 0], "rotation": [0, 0, -15], "uv": [30, 31]}
					]
				},
				{
					"name": "rightArm",
					"parent": "bone",
					"pivot": [-4, 8, 0],
					"rotation": [20, -15, -47.5],
					"cubes": [
						{"origin": [-7, 7, -1], "size": [4, 2, 2], "uv": [32, 8]},
						{"origin": [-9.5, 6.9, -1.5], "size": [3, 2, 3], "pivot": [-6, 8.2, 0], "rotation": [0, 0, 15], "uv": [18, 31]}
					]
				},
				{
					"name": "tail",
					"parent": "bone",
					"pivot": [0, 3.2, 3.8],
					"rotation": [-40, 0, 0],
					"cubes": [
						{"origin": [0, 3, 3.8], "size": [0, 5, 5], "uv": [11, 24]}
					]
				},
				{
					"name": "bone2",
					"parent": "tail",
					"pivot": [0, 8, 8],
					"cubes": [
						{"origin": [0, 7, 7.8], "size": [0, 3, 3], "uv": [0, 20]},
						{"origin": [-1.59341, 11, 9.40659], "size": [4, 4, 4], "pivot": [0, 13, 11.8], "rotation": [44.71911, 35.39626, 29.83757], "uv": [24, 0]}
					]
				},
				{
					"name": "leftFoot",
					"parent": "body",
					"pivot": [2.5, 1, 0],
					"rotation": [0, -20, 0],
					"cubes": [
						{"origin": [1, 0, -4], "size": [3, 2, 5], "uv": [0, 29]}
					]
				},
				{
					"name": "rightFoot",
					"parent": "body",
					"pivot": [-2.5, 1, 0],
					"rotation": [0, 20, 0],
					"cubes": [
						{"origin": [-4, 0, -4], "size": [3, 2, 5], "uv": [27, 16]}
					]
				}
			]
		}
	]
}