{
  "species": "cobblemon:charmeleon",
  "order": 1,
  "variations": [
    {
      "aspects": ["shadow"],
      "poser": "cobblemon:charmeleon",
      "model": "cobblemon:charmeleon.geo",
      "texture": "cobblemon:textures/pokemon/0005_charmeleon/charmeleon_shadow.png",
      "layers": [
        {
          "name": "glow",
          "texture": "cobblemon:textures/pokemon/0005_charmeleon/charmeleon_shadow_emissive.png",
          "emissive": true,
          "translucent": true
        },
        {
          "name": "flame",
          "texture": {
            "frames": [
              "cobblemon:textures/pokemon/0005_charmeleon/flame_shadow/tail1.png",
              "cobblemon:textures/pokemon/0005_charmeleon/flame_shadow/tail2.png",
              "cobblemon:textures/pokemon/0005_charmeleon/flame_shadow/tail3.png",
              "cobblemon:textures/pokemon/0005_charmeleon/flame_shadow/tail4.png"
            ],
            "fps": 10,
            "loop": true
          },
          "emissive": true
        }
      ]
    },
    {
      "aspects": [
        "shadow",
        "shiny"
      ],
      "texture": "cobblemon:textures/pokemon/0005_charmeleon/charmeleon_shadow_shiny.png",
      "layers": [
        {
          "name": "glow",
          "texture": "cobblemon:textures/pokemon/0005_charmeleon/charmeleon_shadow_emissive.png",
          "emissive": true,
          "translucent": true
        }
      ]
    }
  ]
}