{
  "implemented": true,
  "name": "Murkrow",
  "nationalPokedexNumber": 198,
  "primaryType": "dark",
  "secondaryType": "flying",
  "abilities": [
    "insomnia",
    "superluck",
    "h:prankster"
  ],
  "baseStats": {
    "hp": 60,
    "attack": 85,
    "defence": 42,
    "special_attack": 85,
    "special_defence": 42,
    "speed": 91
  },
  "behaviour": {
    "moving": {
      "fly": {
        "canFly": true
      },
      "walk": {
        "walkSpeed": 0.28
      }
    },
    "resting": {
      "canSleep": true,
      "times": "day"
    }
  },
  "catchRate": 30,
  "maleRatio": 0.5,
  "shoulderMountable": false,
  "baseExperienceYield": 81,
  "experienceGroup": "medium_slow",
  "eggCycles": 20,
  "eggGroups": [
    "flying"
  ],
  "drops": {
    "amount": 4,
    "entries": [
      {
        "item": "minecraft:chicken",
        "quantityRange": "0-1"
      },
      {
        "item": "twilightforest:raven_feather",
        "quantityRange": "0-2"
      },
      {
        "item": "cobblemon:bluk_berry",
        "percentage": 2.5
      }
    ]
  },
  "moves": [
    "1:astonish",
    "1:peck",
    "5:gust",
    "5:pursuit",
    "11:haze",
    "15:wingattack",
    "21:nightshade",
    "25:assurance",
    "31:taunt",
    "35:feintattack",
    "35:meanlook",
    "40:foulplay",
    "50:suckerpunch",
    "50:tailwind",
    "55:torment",
    "60:quash",
    "egg:assurance",
    "egg:bravebird",
    "egg:confuseray",
    "egg:drillpeck",
    "egg:featherdance",
    "egg:feintattack",
    "egg:flatter",
    "egg:mirrormove",
    "egg:perishsong",
    "egg:psychoshift",
    "egg:roost",
    "egg:screech",
    "egg:skyattack",
    "egg:whirlwind",
    "egg:wingattack",
    "tm:acrobatics",
    "tm:aerialace",
    "tm:aircutter",
    "tm:airslash",
    "tm:attract",
    "tm:bravebird",
    "tm:calmmind",
    "tm:captivate",
    "tm:confide",
    "tm:confuseray",
    "tm:darkpulse",
    "tm:defog",
    "tm:doubleteam",
    "tm:dreameater",
    "tm:embargo",
    "tm:endure",
    "tm:facade",
    "tm:fly",
    "tm:foulplay",
    "tm:frustration",
    "tm:gigaimpact",
    "tm:heatwave",
    "tm:hex",
    "tm:hiddenpower",
    "tm:hurricane",
    "tm:hyperbeam",
    "tm:icywind",
    "tm:mudslap",
    "tm:nastyplot",
    "tm:naturalgift",
    "tm:nightshade",
    "tm:payback",
    "tm:pluck",
    "tm:protect",
    "tm:psychic",
    "tm:psychup",
    "tm:quash",
    "tm:raindance",
    "tm:rest",
    "tm:retaliate",
    "tm:return",
    "tm:roost",
    "tm:round",
    "tm:scaryface",
    "tm:secretpower",
    "tm:shadowball",
    "tm:sleeptalk",
    "tm:snarl",
    "tm:snatch",
    "tm:steelwing",
    "tm:substitute",
    "tm:sunnyday",
    "tm:swagger",
    "tm:tailwind",
    "tm:takedown",
    "tm:taunt",
    "tm:terablast",
    "tm:thief",
    "tm:thunderwave",
    "tm:torment",
    "tm:toxic",
    "tm:uturn",
    "tutor:aircutter",
    "tutor:astonish",
    "tutor:attract",
    "tutor:confuseray",
    "tutor:curse",
    "tutor:darkpulse",
    "tutor:defog",
    "tutor:detect",
    "tutor:doubleedge",
    "tutor:doubleteam",
    "tutor:dreameater",
    "tutor:drillpeck",
    "tutor:endure",
    "tutor:feintattack",
    "tutor:fly",
    "tutor:foulplay",
    "tutor:frustration",
    "tutor:haze",
    "tutor:heatwave",
    "tutor:hiddenpower",
    "tutor:icywind",
    "tutor:meanlook",
    "tutor:mimic",
    "tutor:mirrormove",
    "tutor:mudslap",
    "tutor:nightmare",
    "tutor:nightshade",
    "tutor:ominouswind",
    "tutor:peck",
    "tutor:protect",
    "tutor:psychup",
    "tutor:pursuit",
    "tutor:quickattack",
    "tutor:rest",
    "tutor:return",
    "tutor:roost",
    "tutor:shadowball",
    "tutor:skyattack",
    "tutor:sleeptalk",
    "tutor:snatch",
    "tutor:snore",
    "tutor:spite",
    "tutor:steelwing",
    "tutor:substitute",
    "tutor:suckerpunch",
    "tutor:sunnyday",
    "tutor:swagger",
    "tutor:swift",
    "tutor:tailwind",
    "tutor:thief",
    "tutor:thunderwave",
    "tutor:toxic",
    "tutor:twister",
    "tutor:uproar",
    "tutor:whirlwind",
    "tutor:wingattack"
  ],
  "labels": [
    "gen2"
  ],
  "pokedex": [
    "cobblemon.species.murkrow.desc"
  ],
  "evolutions": [
    {
      "id": "murkrow_honchkrow",
      "variant": "item_interact",
      "result": "honchkrow",
      "consumeHeldItem": false,
      "learnableMoves": [],
      "requirements": [],
      "requiredContext": "cobblemon:dusk_stone"
    }
  ],
  "baseScale": 0.8,
  "hitbox": {
    "width": 0.65,
    "height": 1,
    "fixed": false
  },
  "baseFriendship": 35,
  "evYield": {
    "hp": 0,
    "attack": 0,
    "defence": 0,
    "special_attack": 0,
    "special_defence": 0,
    "speed": 1
  },
  "height": 5,
  "weight": 21,
  "aspects": [],
  "cannotDynamax": false
}