{
  "implemented": true,
  "name": "Lombre",
  "nationalPokedexNumber": 271,
  "primaryType": "water",
  "secondaryType": "grass",
  "abilities": [
    "swiftswim",
    "raindish",
    "h:owntempo"
  ],
  "baseStats": {
    "hp": 60,
    "attack": 50,
    "defence": 50,
    "special_attack": 60,
    "special_defence": 70,
    "speed": 50
  },
  "catchRate": 120,
  "maleRatio": 0.5,
  "shoulderMountable": false,
  "baseExperienceYield": 119,
  "experienceGroup": "medium_slow",
  "eggCycles": 15,
  "eggGroups": [
    "water_1",
    "grass"
  ],
  "behaviour": {
    "moving": {
      "swim": {
        "swimSpeed": 0.3,
        "canSwimInWater": true,
        "canBreatheUnderwater": true,
        "canWalkOnWater": true
      }
    },
    "resting": {
      "canSleep": true,
      "willSleepOnBed": false,
      "depth": "normal",
      "light": "0-4"
    }
  },
  "drops": {
    "amount": 4,
    "entries": [
      {
        "item": "twilightforest:huge_lily_pad"
      },
      {
        "item": "cobblemon:water_stone",
        "percentage": 5.0
      },
      {
        "item": "cobblemon:mental_herb",
        "percentage": 5.0
      },
      {
        "item": "cobblemon:kebia_berry",
        "percentage": 5.0
      }
    ]
  },
  "moves": [
    "1:absorb",
    "1:astonish",
    "1:fakeout",
    "1:flail",
    "1:growl",
    "1:knockoff",
    "1:teeterdance",
    "1:watergun",
    "9:bubble",
    "9:mist",
    "12:megadrain",
    "18:furyswipes",
    "20:watersport",
    "24:bubblebeam",
    "30:naturepower",
    "32:uproar",
    "36:gigadrain",
    "37:thief",
    "43:raindance",
    "50:zenheadbutt",
    "57:energyball",
    "64:hydropump",
    "tm:attract",
    "tm:blizzard",
    "tm:bodyslam",
    "tm:brickbreak",
    "tm:bulletseed",
    "tm:captivate",
    "tm:confide",
    "tm:dive",
    "tm:doubleteam",
    "tm:drainpunch",
    "tm:echoedvoice",
    "tm:encore",
    "tm:endure",
    "tm:energyball",
    "tm:facade",
    "tm:firepunch",
    "tm:flash",
    "tm:fling",
    "tm:frustration",
    "tm:gigadrain",
    "tm:grassknot",
    "tm:hail",
    "tm:hiddenpower",
    "tm:honeclaws",
    "tm:hydropump",
    "tm:hypervoice",
    "tm:icebeam",
    "tm:icepunch",
    "tm:icywind",
    "tm:megakick",
    "tm:megapunch",
    "tm:muddywater",
    "tm:mudshot",
    "tm:naturalgift",
    "tm:naturepower",
    "tm:poweruppunch",
    "tm:protect",
    "tm:raindance",
    "tm:rest",
    "tm:return",
    "tm:rocksmash",
    "tm:round",
    "tm:scald",
    "tm:secretpower",
    "tm:seedbomb",
    "tm:sleeptalk",
    "tm:snore",
    "tm:solarbeam",
    "tm:strength",
    "tm:substitute",
    "tm:sunnyday",
    "tm:surf",
    "tm:swagger",
    "tm:swordsdance",
    "tm:thief",
    "tm:thunderpunch",
    "tm:toxic",
    "tm:uproar",
    "tm:waterfall",
    "tm:waterpulse",
    "tm:whirlpool",
    "tm:zenheadbutt",
    "tutor:bodyslam",
    "tutor:dive",
    "tutor:doubleedge",
    "tutor:drainpunch",
    "tutor:dynamicpunch",
    "tutor:endure",
    "tutor:firepunch",
    "tutor:gigadrain",
    "tutor:grassyglide",
    "tutor:headbutt",
    "tutor:hypervoice",
    "tutor:icepunch",
    "tutor:icywind",
    "tutor:knockoff",
    "tutor:mimic",
    "tutor:mudslap",
    "tutor:seedbomb",
    "tutor:sleeptalk",
    "tutor:snore",
    "tutor:substitute",
    "tutor:swagger",
    "tutor:swordsdance",
    "tutor:synthesis",
    "tutor:thunderpunch",
    "tutor:uproar",
    "tutor:waterpulse",
    "tutor:zenheadbutt"
  ],
  "labels": [
    "gen3"
  ],
  "pokedex": [
    "cobblemon.species.lombre.desc"
  ],
  "preEvolution": "lotad",
  "evolutions": [
    {
      "id": "lombre_ludicolo",
      "variant": "item_interact",
      "result": "ludicolo",
      "consumeHeldItem": false,
      "learnableMoves": [],
      "requirements": [],
      "requiredContext": "cobblemon:water_stone"
    }
  ],
  "baseScale": 0.75,
  "hitbox": {
    "width": 0.9,
    "height": 1.2,
    "fixed": false
  },
  "baseFriendship": 50,
  "evYield": {
    "hp": 0,
    "attack": 0,
    "defence": 0,
    "special_attack": 0,
    "special_defence": 2,
    "speed": 0
  },
  "height": 12,
  "weight": 325,
  "aspects": [],
  "cannotDynamax": false
}