{
  "implemented": true,
  "name": "Ludicolo",
  "nationalPokedexNumber": 272,
  "primaryType": "water",
  "secondaryType": "grass",
  "abilities": [
    "swiftswim",
    "raindish",
    "h:owntempo"
  ],
  "baseStats": {
    "hp": 80,
    "attack": 70,
    "defence": 70,
    "special_attack": 90,
    "special_defence": 100,
    "speed": 70
  },
  "catchRate": 45,
  "maleRatio": 0.5,
  "shoulderMountable": false,
  "baseExperienceYield": 240,
  "experienceGroup": "medium_slow",
  "eggCycles": 15,
  "eggGroups": [
    "water_1",
    "grass"
  ],
  "behaviour": {
    "moving": {
      "swim": {
        "swimSpeed": 0.3,
        "canSwimInWater": true,
        "canBreatheUnderwater": true
      }
    },
    "resting": {
      "canSleep": true,
      "willSleepOnBed": false,
      "depth": "normal",
      "light": "0-4"
    }
  },
  "drops": {
    "amount": 5,
    "entries": [
      {
        "item": "twilightforest:huge_lily_pad"
      },
      {
        "item": "twilightforest:huge_water_lily",
        "quantityRange": "0-1"
      },
      {
        "item": "cobblemon:water_stone",
        "percentage": 10.0
      },
      {
        "item": "cobblemon:mental_herb",
        "percentage": 10.0
      },
      {
        "item": "cobblemon:kebia_berry",
        "percentage": 10.0
      }
    ]
  },
  "moves": [
    "1:absorb",
    "1:astonish",
    "1:bubblebeam",
    "1:energyball",
    "1:fakeout",
    "1:flail",
    "1:furyswipes",
    "1:gigadrain",
    "1:growl",
    "1:hydropump",
    "1:knockoff",
    "1:megadrain",
    "1:mist",
    "1:naturepower",
    "1:raindance",
    "1:teeterdance",
    "1:watergun",
    "1:zenheadbutt",
    "tm:amnesia",
    "tm:attract",
    "tm:blizzard",
    "tm:bodyslam",
    "tm:brickbreak",
    "tm:bulletseed",
    "tm:captivate",
    "tm:confide",
    "tm:dive",
    "tm:doubleteam",
    "tm:drainpunch",
    "tm:echoedvoice",
    "tm:encore",
    "tm:endure",
    "tm:energyball",
    "tm:facade",
    "tm:firepunch",
    "tm:flash",
    "tm:fling",
    "tm:focusblast",
    "tm:focuspunch",
    "tm:frustration",
    "tm:gigadrain",
    "tm:gigaimpact",
    "tm:grassknot",
    "tm:hail",
    "tm:hiddenpower",
    "tm:honeclaws",
    "tm:hydropump",
    "tm:hyperbeam",
    "tm:hypervoice",
    "tm:icebeam",
    "tm:icepunch",
    "tm:icywind",
    "tm:leafstorm",
    "tm:megakick",
    "tm:megapunch",
    "tm:metronome",
    "tm:muddywater",
    "tm:mudshot",
    "tm:naturalgift",
    "tm:naturepower",
    "tm:poweruppunch",
    "tm:protect",
    "tm:raindance",
    "tm:rest",
    "tm:return",
    "tm:rockclimb",
    "tm:rocksmash",
    "tm:round",
    "tm:scald",
    "tm:secretpower",
    "tm:seedbomb",
    "tm:sleeptalk",
    "tm:snore",
    "tm:solarbeam",
    "tm:strength",
    "tm:substitute",
    "tm:sunnyday",
    "tm:surf",
    "tm:swagger",
    "tm:swordsdance",
    "tm:thief",
    "tm:thunderpunch",
    "tm:toxic",
    "tm:uproar",
    "tm:waterfall",
    "tm:waterpulse",
    "tm:weatherball",
    "tm:whirlpool",
    "tm:zenheadbutt",
    "tutor:bodyslam",
    "tutor:counter",
    "tutor:dive",
    "tutor:doubleedge",
    "tutor:drainpunch",
    "tutor:dynamicpunch",
    "tutor:endure",
    "tutor:fakeout",
    "tutor:firepunch",
    "tutor:focuspunch",
    "tutor:gigadrain",
    "tutor:grassyglide",
    "tutor:headbutt",
    "tutor:hydropump",
    "tutor:hypervoice",
    "tutor:icebeam",
    "tutor:icepunch",
    "tutor:icywind",
    "tutor:knockoff",
    "tutor:megakick",
    "tutor:megapunch",
    "tutor:metronome",
    "tutor:mimic",
    "tutor:mudslap",
    "tutor:scald",
    "tutor:seedbomb",
    "tutor:seismictoss",
    "tutor:sleeptalk",
    "tutor:snore",
    "tutor:substitute",
    "tutor:sunnyday",
    "tutor:swagger",
    "tutor:swordsdance",
    "tutor:synthesis",
    "tutor:thunderpunch",
    "tutor:uproar",
    "tutor:waterpulse",
    "tutor:zenheadbutt"
  ],
  "labels": [
    "gen3"
  ],
  "pokedex": [
    "cobblemon.species.ludicolo.desc"
  ],
  "preEvolution": "lombre",
  "evolutions": [],
  "baseScale": 1.1,
  "hitbox": {
    "width": 0.9,
    "height": 1.5,
    "fixed": false
  },
  "baseFriendship": 50,
  "evYield": {
    "hp": 0,
    "attack": 0,
    "defence": 0,
    "special_attack": 0,
    "special_defence": 3,
    "speed": 0
  },
  "height": 15,
  "weight": 550,
  "aspects": [],
  "cannotDynamax": false
}