{
  "implemented": true,
  "name": "Nincada",
  "nationalPokedexNumber": 290,
  "primaryType": "bug",
  "secondaryType": "ground",
  "abilities": [
    "compoundeyes",
    "h:runaway"
  ],
  "drops": {
    "amount": 2,
    "entries": [
      {
        "item": "twilightforest:cicada"
      },
      {
        "item": "cobblemon:soft_sand",
        "percentage": 2.5
      }
    ]
  },
  "baseStats": {
    "hp": 31,
    "attack": 45,
    "defence": 90,
    "special_attack": 30,
    "special_defence": 30,
    "speed": 40
  },
  "catchRate": 255,
  "maleRatio": 0.5,
  "shoulderMountable": false,
  "baseExperienceYield": 53,
  "experienceGroup": "erratic",
  "eggCycles": 15,
  "eggGroups": [
    "bug"
  ],
  "behaviour": {
    "resting": {
      "canSleep": true,
      "willSleepOnBed": true,
      "depth": "normal",
      "light": "0-4"
    },
    "moving": {
      "walk": {
        "walkSpeed": 0.2
      }
    }
  },
  "moves": [
    "1:sandattack",
    "1:scratch",
    "5:harden",
    "5:leechlife",
    "10:falseswipe",
    "15:mudslap",
    "21:absorb",
    "25:metalclaw",
    "29:bide",
    "30:furyswipes",
    "35:mindreader",
    "40:dig",
    "egg:bugbite",
    "egg:bugbuzz",
    "egg:endure",
    "egg:feintattack",
    "egg:finalgambit",
    "egg:flail",
    "egg:gust",
    "egg:nightslash",
    "egg:silverwind",
    "tm:aerialace",
    "tm:bugbuzz",
    "tm:confide",
    "tm:cut",
    "tm:dig",
    "tm:doubleteam",
    "tm:endure",
    "tm:facade",
    "tm:falseswipe",
    "tm:flash",
    "tm:frustration",
    "tm:gigadrain",
    "tm:hiddenpower",
    "tm:honeclaws",
    "tm:leechlife",
    "tm:naturalgift",
    "tm:protect",
    "tm:rest",
    "tm:return",
    "tm:round",
    "tm:sandstorm",
    "tm:secretpower",
    "tm:shadowball",
    "tm:sleeptalk",
    "tm:snore",
    "tm:solarbeam",
    "tm:strugglebug",
    "tm:substitute",
    "tm:sunnyday",
    "tm:swagger",
    "tm:toxic",
    "tm:xscissor",
    "tutor:bugbite",
    "tutor:doubleedge",
    "tutor:endure",
    "tutor:furycutter",
    "tutor:gigadrain",
    "tutor:leechlife",
    "tutor:mimic",
    "tutor:mudslap",
    "tutor:nightslash",
    "tutor:skittersmack",
    "tutor:sleeptalk",
    "tutor:snore",
    "tutor:spite",
    "tutor:stringshot",
    "tutor:substitute",
    "tutor:swagger"
  ],
  "labels": [
    "gen3"
  ],
  "pokedex": [
    "cobblemon.species.nincada.desc"
  ],
  "evolutions": [
    {
      "id": "nincada_ninjask",
      "variant": "level_up",
      "result": "ninjask",
      "consumeHeldItem": false,
      "learnableMoves": [
        "doubleteam",
        "furycutter",
        "screech"
      ],
      "requirements": [
        {
          "variant": "level",
          "minLevel": 20
        }
      ]
    }
  ],
  "baseScale": 0.45,
  "hitbox": {
    "width": 0.9,
    "height": 0.7,
    "fixed": false
  },
  "baseFriendship": 50,
  "evYield": {
    "hp": 0,
    "attack": 0,
    "defence": 1,
    "special_attack": 0,
    "special_defence": 0,
    "speed": 0
  },
  "height": 5,
  "weight": 55,
  "aspects": [],
  "cannotDynamax": false
}