{
  "implemented": true,
  "name": "Nosepass",
  "nationalPokedexNumber": 299,
  "primaryType": "rock",
  "abilities": [
    "sturdy",
    "magnetpull",
    "h:sandforce"
  ],
  "drops": {
    "amount": 4,
    "entries": [
      {
        "item": "minecraft:flint",
        "quantityRange": "1-2"
      },
      {
        "item": "twilightforest:ore_magnet",
        "quantityRange": "0-1"
      },
      {
        "item": "cobblemon:hard_stone",
        "percentage": 2.5
      },
      {
        "item": "cobblemon:magnet",
        "percentage": 2.5
      }
    ]
  },
  "baseStats": {
    "hp": 30,
    "attack": 45,
    "defence": 135,
    "special_attack": 45,
    "special_defence": 90,
    "speed": 30
  },
  "behaviour": {
    "resting": {
      "canSleep": true,
      "willSleepOnBed": false,
      "depth": "normal",
      "light": "0-4"
    },
    "idle": {
      "pointsAtSpawn": true
    }
  },
  "catchRate": 255,
  "maleRatio": 0.5,
  "shoulderMountable": false,
  "baseExperienceYield": 75,
  "experienceGroup": "medium_fast",
  "eggCycles": 20,
  "eggGroups": [
    "mineral"
  ],
  "moves": [
    "1:tackle",
    "4:harden",
    "7:block",
    "10:rockthrow",
    "13:thunderwave",
    "16:rest",
    "19:spark",
    "22:rockslide",
    "25:powergem",
    "28:rockblast",
    "31:discharge",
    "34:sandstorm",
    "37:earthpower",
    "40:stoneedge",
    "43:lockon",
    "43:zapcannon",
    "egg:block",
    "egg:doubleedge",
    "egg:endure",
    "egg:explosion",
    "egg:magnitude",
    "egg:rollout",
    "egg:stealthrock",
    "egg:wideguard",
    "tm:attract",
    "tm:bulldoze",
    "tm:captivate",
    "tm:confide",
    "tm:dazzlinggleam",
    "tm:doubleteam",
    "tm:earthquake",
    "tm:endure",
    "tm:explosion",
    "tm:facade",
    "tm:frustration",
    "tm:hiddenpower",
    "tm:naturalgift",
    "tm:protect",
    "tm:rest",
    "tm:return",
    "tm:rockpolish",
    "tm:rockslide",
    "tm:rocksmash",
    "tm:rocktomb",
    "tm:round",
    "tm:sandstorm",
    "tm:secretpower",
    "tm:shockwave",
    "tm:sleeptalk",
    "tm:smackdown",
    "tm:stealthrock",
    "tm:stoneedge",
    "tm:strength",
    "tm:substitute",
    "tm:sunnyday",
    "tm:swagger",
    "tm:taunt",
    "tm:thunder",
    "tm:thunderbolt",
    "tm:thunderwave",
    "tm:torment",
    "tm:toxic",
    "tm:voltswitch",
    "tutor:ancientpower",
    "tutor:block",
    "tutor:bodyslam",
    "tutor:defensecurl",
    "tutor:doubleedge",
    "tutor:dynamicpunch",
    "tutor:earthpower",
    "tutor:endure",
    "tutor:explosion",
    "tutor:firepunch",
    "tutor:gravity",
    "tutor:headbutt",
    "tutor:helpinghand",
    "tutor:icepunch",
    "tutor:irondefense",
    "tutor:magiccoat",
    "tutor:magnetrise",
    "tutor:mimic",
    "tutor:mudslap",
    "tutor:painsplit",
    "tutor:rockslide",
    "tutor:rollout",
    "tutor:selfdestruct",
    "tutor:shockwave",
    "tutor:sleeptalk",
    "tutor:snore",
    "tutor:stealthrock",
    "tutor:stompingtantrum",
    "tutor:substitute",
    "tutor:swagger",
    "tutor:tackle",
    "tutor:thunderbolt",
    "tutor:thunderpunch",
    "tutor:thunderwave"
  ],
  "labels": [
    "gen3"
  ],
  "pokedex": [
    "cobblemon.species.nosepass.desc"
  ],
  "evolutions": [
    {
      "id": "nosepass_probopass",
      "variant": "item_interact",
      "result": "probopass",
      "consumeHeldItem": false,
      "learnableMoves": [],
      "requirements": [],
      "requiredContext": "cobblemon:thunder_stone"
    }
  ],
  "baseScale": 0.8,
  "hitbox": {
    "width": 0.9,
    "height": 1.35,
    "fixed": false
  },
  "baseFriendship": 70,
  "evYield": {
    "hp": 0,
    "attack": 0,
    "defence": 1,
    "special_attack": 0,
    "special_defence": 0,
    "speed": 0
  },
  "height": 10,
  "weight": 970,
  "aspects": [],
  "cannotDynamax": false
}