{
  "name": "Tropius",
  "nationalPokedexNumber": 357,
  "primaryType": "grass",
  "secondaryType": "flying",
  "abilities": [
    "chlorophyll",
    "solarpower",
    "h:harvest"
  ],
  "baseStats": {
    "hp": 99,
    "attack": 68,
    "defence": 83,
    "special_attack": 72,
    "special_defence": 87,
    "speed": 51
  },
  "behaviour": {
    "resting": {
      "canSleep": true,
      "depth": "normal",
      "light": "0-4",
      "willSleepOnBed": false
    },
    "moving": {
      "canLook": true,
      "walk": {
        "canWalk": true,
        "avoidsLand": false
      },
      "swim": {
        "swimSpeed": 0.2,
        "canSwimInWater": false,
        "canBreatheUnderwater": false
      },
      "fly": {
        "canFly": true,
        "flySpeedHorizontal": 0.5
      },
      "wanderChance": 75
    }
  },
  "catchRate": 200,
  "maleRatio": 0.5,
  "shoulderMountable": false,
  "forms": [
    {
      "name": "Twilight Tropius",
      "nationalPokedexNumber": 357,
      "primaryType": "grass",
      "secondaryType": "dragon",
      "abilities": [
        "sheerforce",
        "longreach",
        "h:harvest"
      ],
      "baseStats": {
        "hp": 125,
        "attack": 90,
        "defence": 100,
        "special_attack": 110,
        "special_defence": 115,
        "speed": 60
      },
      "behaviour": {
        "resting": {
          "canSleep": true,
          "depth": "normal",
          "light": "0-4",
          "willSleepOnBed": false
        },
        "moving": {
          "canLook": true,
          "walk": {
            "canWalk": true,
            "avoidsLand": false
          },
          "swim": {
            "swimSpeed": 0.2,
            "canSwimInWater": false,
            "canBreatheUnderwater": false
          },
          "fly": {
            "canFly": true,
            "flySpeedHorizontal": 0.5
          },
          "wanderChance": 75
        }
      },
      "catchRate": 200,
      "maleRatio": 0.5,
      "shoulderMountable": false,
      "baseExperienceYield": 161,
      "experienceGroup": "slow",
      "eggCycles": 25,
      "eggGroups": [
        "monster",
        "grass"
      ],
      "moves": [
        "1:leafstorm",
        "1:moonblast",
        "1:aromatherapy",
        "1:leer",
        "1:twister",
        "1:growth",
        "1:razorleaf",
        "6:sweetscent",
        "10:stomp",
        "16:leaftornado",
        "21:whirlwind",
        "26:dragonbreath",
        "30:moonlight",
        "33:dragondance",
        "36:energyball",
        "41:bodyslam",
        "43:dragonpulse",
        "47:woodhammer",
        "50:outrage",
        "53:moonblast",
        "57:bestow",
        "57:naturalgift",
        "61:leafstorm",
        "egg:bulletseed",
        "egg:curse",
        "egg:dragondance",
        "egg:dragonhammer",
        "egg:headbutt",
        "egg:leafblade",
        "egg:leafstorm",
        "egg:leechseed",
        "egg:naturalgift",
        "egg:naturepower",
        "egg:razorwind",
        "egg:slam",
        "egg:synthesis",
        "tm:aerialace",
        "tm:aircutter",
        "tm:airslash",
        "tm:attract",
        "tm:bodypress",
        "tm:bodyslam",
        "tm:brutalswing",
        "tm:bulldoze",
        "tm:bulletseed",
        "tm:captivate",
        "tm:confide",
        "tm:cut",
        "tm:defog",
        "tm:doubleteam",
        "tm:dragondance",
        "tm:dragonpulse",
        "tm:dragontail",
        "tm:earthquake",
        "tm:endure",
        "tm:energyball",
        "tm:facade",
        "tm:flash",
        "tm:fly",
        "tm:frustration",
        "tm:gigadrain",
        "tm:gigaimpact",
        "tm:grassknot",
        "tm:grassyterrain",
        "tm:helpinghand",
        "tm:hiddenpower",
        "tm:hurricane",
        "tm:hyperbeam",
        "tm:leafstorm",
        "tm:magicalleaf",
        "tm:naturalgift",
        "tm:naturepower",
        "tm:outrage",
        "tm:protect",
        "tm:raindance",
        "tm:rest",
        "tm:return",
        "tm:roar",
        "tm:rocksmash",
        "tm:roost",
        "tm:round",
        "tm:safeguard",
        "tm:secretpower",
        "tm:seedbomb",
        "tm:silverwind",
        "tm:sleeptalk",
        "tm:solarbeam",
        "tm:steelwing",
        "tm:stompingtantrum",
        "tm:strength",
        "tm:substitute",
        "tm:sunnyday",
        "tm:swagger",
        "tm:swordsdance",
        "tm:tailwind",
        "tm:takedown",
        "tm:terablast",
        "tm:toxic",
        "tm:trailblaze",
        "tm:uturn",
        "tm:zenheadbutt",
        "tutor:aircutter",
        "tutor:airslash",
        "tutor:bodyslam",
        "tutor:defog",
        "tutor:doubleedge",
        "tutor:dragonpulse",
        "tutor:endure",
        "tutor:furycutter",
        "tutor:gigadrain",
        "tutor:gust",
        "tutor:headbutt",
        "tutor:leechseed",
        "tutor:mimic",
        "tutor:mudslap",
        "tutor:ominouswind",
        "tutor:outrage",
        "tutor:roost",
        "tutor:seedbomb",
        "tutor:silverwind",
        "tutor:sleeptalk",
        "tutor:snore",
        "tutor:solarbeam",
        "tutor:stompingtantrum",
        "tutor:substitute",
        "tutor:sunnyday",
        "tutor:swagger",
        "tutor:swordsdance",
        "tutor:synthesis",
        "tutor:tailwind",
        "tutor:twister",
        "tutor:worryseed"
      ],
      "labels": [
        "gen3"
      ],
      "pokedex": [
        "cobblemon.species.tropius.desc"
      ],
      "aspects": ["twilight"],
      "evolutions": [],
      "baseScale": 1.6,
      "hitbox": {
        "width": 1,
        "height": 1,
        "fixed": false
      },
      "baseFriendship": 70,
      "evYield": {
        "hp": 2,
        "attack": 0,
        "defence": 0,
        "special_attack": 0,
        "special_defence": 0,
        "speed": 0
      },
      "height": 40,
      "weight": 2000,
      "cannotDynamax": false
    }
  ],
  "baseExperienceYield": 161,
  "experienceGroup": "slow",
  "eggCycles": 25,
  "eggGroups": [
    "monster",
    "grass"
  ],
  "moves": [
    "1:leafstorm",
    "1:aromatherapy",
    "1:leer",
    "1:gust",
    "1:growth",
    "1:razorleaf",
    "6:sweetscent",
    "10:stomp",
    "16:magicalleaf",
    "21:whirlwind",
    "26:leaftornado",
    "30:wideguard",
    "33:dragondance",
    "36:airslash",
    "41:bodyslam",
    "43:dragonhammer",
    "47:synthesis",
    "50:outrage",
    "53:solarbeam",
    "57:bestow",
    "57:naturalgift",
    "61:leafstorm",
    "egg:bulletseed",
    "egg:curse",
    "egg:dragondance",
    "egg:dragonhammer",
    "egg:headbutt",
    "egg:leafblade",
    "egg:leafstorm",
    "egg:leechseed",
    "egg:naturalgift",
    "egg:naturepower",
    "egg:razorwind",
    "egg:slam",
    "egg:synthesis",
    "tm:aerialace",
    "tm:aircutter",
    "tm:airslash",
    "tm:attract",
    "tm:bodypress",
    "tm:bodyslam",
    "tm:brutalswing",
    "tm:bulldoze",
    "tm:bulletseed",
    "tm:captivate",
    "tm:confide",
    "tm:cut",
    "tm:defog",
    "tm:doubleteam",
    "tm:dragondance",
    "tm:dragonpulse",
    "tm:dragontail",
    "tm:earthquake",
    "tm:endure",
    "tm:energyball",
    "tm:facade",
    "tm:flash",
    "tm:fly",
    "tm:frustration",
    "tm:gigadrain",
    "tm:gigaimpact",
    "tm:grassknot",
    "tm:grassyterrain",
    "tm:helpinghand",
    "tm:hiddenpower",
    "tm:hurricane",
    "tm:hyperbeam",
    "tm:leafstorm",
    "tm:magicalleaf",
    "tm:naturalgift",
    "tm:naturepower",
    "tm:outrage",
    "tm:protect",
    "tm:raindance",
    "tm:rest",
    "tm:return",
    "tm:roar",
    "tm:rocksmash",
    "tm:roost",
    "tm:round",
    "tm:safeguard",
    "tm:secretpower",
    "tm:seedbomb",
    "tm:silverwind",
    "tm:sleeptalk",
    "tm:solarbeam",
    "tm:steelwing",
    "tm:stompingtantrum",
    "tm:strength",
    "tm:substitute",
    "tm:sunnyday",
    "tm:swagger",
    "tm:swordsdance",
    "tm:tailwind",
    "tm:takedown",
    "tm:terablast",
    "tm:toxic",
    "tm:trailblaze",
    "tm:uturn",
    "tm:zenheadbutt",
    "tutor:aircutter",
    "tutor:airslash",
    "tutor:bodyslam",
    "tutor:defog",
    "tutor:doubleedge",
    "tutor:dragonpulse",
    "tutor:endure",
    "tutor:furycutter",
    "tutor:gigadrain",
    "tutor:gust",
    "tutor:headbutt",
    "tutor:leechseed",
    "tutor:mimic",
    "tutor:mudslap",
    "tutor:ominouswind",
    "tutor:outrage",
    "tutor:roost",
    "tutor:seedbomb",
    "tutor:silverwind",
    "tutor:sleeptalk",
    "tutor:snore",
    "tutor:solarbeam",
    "tutor:stompingtantrum",
    "tutor:substitute",
    "tutor:sunnyday",
    "tutor:swagger",
    "tutor:swordsdance",
    "tutor:synthesis",
    "tutor:tailwind",
    "tutor:twister",
    "tutor:worryseed"
  ],
  "labels": [
    "gen3"
  ],
  "pokedex": [
    "cobblemon.species.tropius.desc"
  ],
  "evolutions": [],
  "baseScale": 1.2,
  "hitbox": {
    "width": 1,
    "height": 1,
    "fixed": false
  },
  "baseFriendship": 70,
  "evYield": {
    "hp": 2,
    "attack": 0,
    "defence": 0,
    "special_attack": 0,
    "special_defence": 0,
    "speed": 0
  },
  "height": 20,
  "weight": 1000,
  "aspects": [],
  "cannotDynamax": false
}