{
  "species": "cobblemon:sawsbuck",
  "order": 1,
  "variations": [
    {
      "aspects": ["twilight"],
      "poser": "cobblemon:sawsbuck",
      "model": "cobblemon:sawsbuck_autumn.geo",
      "texture": "cobblemon:textures/pokemon/0586_sawsbuck/sawsbuck_twilight.png",
      "layers": []
    },
    {
      "aspects": [
        "twilight",
        "shiny"
      ],
      "model": "cobblemon:sawsbuck_autumn.geo",
      "texture": "cobblemon:textures/pokemon/0586_sawsbuck/sawsbuck_twilight_shiny.png"
    }
  ]
}