{
  "implemented": true,
  "name": "Pachirisu",
  "nationalPokedexNumber": 417,
  "primaryType": "electric",
  "abilities": [
    "runaway",
    "pickup",
    "h:voltabsorb"
  ],
  "drops": {
    "amount": 4,
    "entries": [
      {
        "item": "twilightforest:torchberries",
        "quantityRange": "1-3"
      },
      {
        "item": "cobblemon:cheri_berry",
        "percentage": 5.0
      }
    ]
  },
  "baseStats": {
    "hp": 60,
    "attack": 45,
    "defence": 70,
    "special_attack": 45,
    "special_defence": 90,
    "speed": 95
  },
  "catchRate": 200,
  "maleRatio": 0.5,
  "shoulderMountable": false,
  "baseExperienceYield": 142,
  "experienceGroup": "medium_fast",
  "eggCycles": 10,
  "eggGroups": [
    "field",
    "fairy"
  ],
  "moves": [
    "1:bide",
    "1:growl",
    "1:thundershock",
    "5:quickattack",
    "9:charm",
    "13:spark",
    "17:endure",
    "19:nuzzle",
    "21:swift",
    "25:electroball",
    "25:sweetkiss",
    "29:discharge",
    "29:sweetkiss",
    "33:superfang",
    "33:thunderwave",
    "37:lastresort",
    "37:superfang",
    "41:discharge",
    "45:lastresort",
    "49:hyperfang",
    "49:thunder",
    "egg:babydolleyes",
    "egg:bestow",
    "egg:bite",
    "egg:charge",
    "egg:covet",
    "egg:defensecurl",
    "egg:faketears",
    "egg:flail",
    "egg:flatter",
    "egg:followme",
    "egg:iondeluge",
    "egg:irontail",
    "egg:rollout",
    "egg:tailwhip",
    "tm:aerialace",
    "tm:agility",
    "tm:attract",
    "tm:captivate",
    "tm:chargebeam",
    "tm:charm",
    "tm:confide",
    "tm:cut",
    "tm:dig",
    "tm:doubleteam",
    "tm:echoedvoice",
    "tm:eerieimpulse",
    "tm:electricterrain",
    "tm:electroball",
    "tm:encore",
    "tm:endure",
    "tm:facade",
    "tm:faketears",
    "tm:flash",
    "tm:fling",
    "tm:frustration",
    "tm:gigaimpact",
    "tm:grassknot",
    "tm:gunkshot",
    "tm:helpinghand",
    "tm:hiddenpower",
    "tm:hyperbeam",
    "tm:irontail",
    "tm:lightscreen",
    "tm:mudshot",
    "tm:mudslap",
    "tm:naturalgift",
    "tm:playrough",
    "tm:protect",
    "tm:raindance",
    "tm:rest",
    "tm:return",
    "tm:round",
    "tm:secretpower",
    "tm:seedbomb",
    "tm:shockwave",
    "tm:sleeptalk",
    "tm:substitute",
    "tm:sunnyday",
    "tm:swagger",
    "tm:swift",
    "tm:takedown",
    "tm:terablast",
    "tm:thief",
    "tm:thunder",
    "tm:thunderbolt",
    "tm:thunderfang",
    "tm:thunderpunch",
    "tm:thunderwave",
    "tm:toxic",
    "tm:trailblaze",
    "tm:uturn",
    "tm:voltswitch",
    "tm:wildcharge",
    "tutor:covet",
    "tutor:electroweb",
    "tutor:followme",
    "tutor:gunkshot",
    "tutor:headbutt",
    "tutor:helpinghand",
    "tutor:irontail",
    "tutor:laserfocus",
    "tutor:lastresort",
    "tutor:magnetrise",
    "tutor:mudslap",
    "tutor:nuzzle",
    "tutor:protect",
    "tutor:quickattack",
    "tutor:rollout",
    "tutor:seedbomb",
    "tutor:shockwave",
    "tutor:sleeptalk",
    "tutor:snore",
    "tutor:superfang",
    "tutor:swift",
    "tutor:thunderpunch",
    "tutor:uproar"
  ],
  "labels": [
    "gen4"
  ],
  "pokedex": [
    "cobblemon.species.pachirisu.desc"
  ],
  "evolutions": [],
  "baseScale": 0.5,
  "hitbox": {
    "width": 0.9,
    "height": 1.3,
    "fixed": false
  },
  "baseFriendship": 100,
  "evYield": {
    "hp": 0,
    "attack": 0,
    "defence": 0,
    "special_attack": 0,
    "special_defence": 0,
    "speed": 1
  },
  "height": 4,
  "weight": 39,
  "aspects": [],
  "cannotDynamax": false
}