{
  "species": "cobblemon:tropius",
  "order": 1,
  "variations": [
    {
      "aspects": ["twilight"],
      "poser": "cobblemon:tropius",
      "model": "cobblemon:tropius.geo",
      "texture": "cobblemon:textures/pokemon/0357_tropius/tropius_twilight.png",
      "layers": []
    },
    {
      "aspects": [ 
        "twilight",
        "shiny" 
      ],
      "model": "cobblemon:tropius.geo",
      "texture": "cobblemon:textures/pokemon/0357_tropius/tropius_twilight_shiny.png"
    }
  ]
}
